Texto,Label Sobre Produto,Label Sobre Loja,Polaridade do review,Polaridade do review,Polaridade do review
Muito BOM,Product,,Good,,
Compatível com todos aparelhos next gen,Product,,Good,,
POR SATISFAÇÃO NO PREÇO E HONESTIDADE NO PRAZO DE ENTREGA.,,Store,Good,,
Bom,Product,,Good,,
"Muito Bom, entrega rápida.",Product,Store,Good,,
Comum nada a dizer sobre,,,Neutral,,
"Eu já conhecia, pois tenho um comprado numa loja.
O que faz a diferença para mim é o tipo de alça. Acho que no mostruário pela internet não mostra a parte das costas. 
Comprei dois de uma vez e senti dificuldade na opção pelas cores. Tentei marcar duas cores diferentes, mas ao clicar numa cor desmarcava a outra.
Fiquei satisfeita.",Product,Store,Good,Bad,Experience
"Eu achei maravilhosoooo, amei! Está na minha lista mensal de compras !",Product,,Good,,
"Os dois não são idênticos, entendo que possa haver variação no seu acabamento, mas um parece mais liso e o outro com mais relevos.",Product,,Neutral,,
"Excelente, pena que minha cachorrinha roeu a parte da frente logo nos 1ºs dias....
",Product,,Good,,
"O produto e bom , comparando com os preços ",Product,Store,Good,,
Muito bom meu sobrinho adorou.Fresco e envolvente. Fundo cítrico.,Product,,Good,,
A entrega foi rápida e chegou tudo certinho. ,,Store,Good,,
Entrega rapida produto otimo recomendo,Product,Store,Good,,
O produto é ótimo.,Product,,Good,,
muito bom este produto achei,Product,,Good,,
"Muito bom, não deixa a pele oleosa, hidrata super bem.",Product,,Good,,
Uma das melhores. O material é mais encorpado e é bem estilosa com esse gatinho.,Product,,Good,,
Calça com nº40 muito diferente (menor) do que o normal!,Product,,Bad,,
"Otimo produto, porem cheio de pontas de linhas.. o acabamento final precisa ser melhorado.",Product,,Good,Bad,
produto de qualidade. Caimento prefeito. ,Product,,Good,,
"Muito bom o produto. Poderiam ser mais baratos, sem promoção alguma não vale a pena.",Product,Store,Good ,Bad,
 Até é ótima. Imagem perfeita.,Product,,Good ,,
"Achei ótimo muito confortável, com certeza comprarei novamente recomendo.",Product,,Good ,,
"Produto bom e ficou com a aparência ótima, apenas o tapete do lado do motorista é um pouco maior que o espaço real dele.",Product,,Good ,,
Amei! É linda demais! Veste super bem.,Product,,Good ,,
Lindo demais me apaixonei,Product,,Good ,,
"nao sei, enviaram o shampoo errado fiquei com o outro para evitar transtornos maiores
",,Store,Bad,,
Eu achei a saia linda,Product,,Good,,
"Ja tinha um desse modelo,e gostava bastante,comprei mais dois e não me arrependo,vento forte,silencioso,e preço bom!",Product,Store,Good,,
Adorei o produto!,Product,,Good,,
Excelente...,Product,,Good,,
Muito bom produto loja super rápida na entrega é muito atenciosa com o cliente!!,Product,Store,Good,,
"O farol enche de água, e o plugue veio com defeito",Product,,Bad,,
"Cumpre sua função muito bem, sem deixar a desejar.",Product,,Good,,
produto de ótima qualidade,Product,,Good,,
Eu achei o produto excelente. Ele hidrata mesmo e a sua pele fica muito macia.,Product,,Good,,
muito bom produto,Product,,Good,,
Gostei do modelo e cores,Product,,Good,,
Recomendo pra todos apaixonado de ouvir um som com qualidade.,Product,,Good,,
Gostoso e boa fixaçao,Product,,Good,,
Limpa sem ressecar e ainda dá brilho!,Product,,Good,,
Tudo ok,Product,,Good,,
Ainda em teste. Meio leve. Mas nada a reclamar,Product,,Good,,
AMEI... ATENDE MEUS OBJETIVOS!,Product,,Good,,
"Achei o produto péssimo, não cumpriu nem de longe o que prometeu. Meu cabelo é liso com ondas e muito frizz... esperava que pelo menos os frizz diminuísse.Escolhi o produto por resenhas no youtube e comentários no instagram. A marca Yenzah é muito boa, já utilizei outros produtos e gostei. Quanto à loja Época Cosméticos, só tenho elogios até agora quanto ao atendimento e entrega. ",Product,Store,Bad,Good,Experience
"Cabo com trançado que o torna resistente, muito bem acabado e barato.",Product,,Good,,
muito bom,Product,,Good,,
Define muito bem os cachos e os day afters ficam muito mais administraveis!,Product,,Good,,
Otimo produto. Qualidade e funcionalidade,Product,,Good,,
"A panela é exatamente como anunciada, a entrega foi dentro do prazo. Tudo ótimo. ",Product,Store,Good,,
"Gostei do produto atendeu minhas expectativas, a compra foi super tranquila, a entrega foi muito rápida Parabéns. A única observação que faria seria que antes de comprar a pessoa verificasse a vazão da água  na torneira pois o produto diminui essa vazão após instalado.",Product,Store,Good,,
"maravilhoso recuperou meu cabelo
amei o cheiro",Product,,Good,,
Poucas possibilidades de layout.,Product,,Bad,,
Ótima qualidade e entrega dentro do prazo. ,Product,Store,Good,,
A máscara é excelente. Confortável. Recomendo,Product,,Good,,
Muito bom! Cheirinho bom...,Product,,Good,,
otimo preço e produto,Product,Store,Good,,
"Não tem como dizer o que achei, pois o produto não foi entregue, tão pouco consegui contato para saber o que houve


    Em Terça-feira, 19 de Janeiro de 2016 12:11,  escreveu:


   
|  Auditado por:
    |
|   |
|   Olá, Leonardo.
 O que achou deste produto? Compartilhe sua opinião, ela será publicada na página do produto e ajudará outras pessoas com certeza. :)

 E lembre-se de que, quando for comprar novamente na loja, todas as opiniões publicadas lá são de clientes reais!
    |
|  Por favor, não responda a esse e-mail, avalie abaixo.  |
|
| Malbec Noir Des. Colônia, 100ml  |
|

   |
|       |    Clique abaixo na nota de 1 a 5 que você dá ao produto:   
|   |   |   |   |   |

     |

   |
|  |

 Se não desejar receber mais e-mails deste tipo clique aqui.",,Store,Bad,,
Superou minhas expectativas. Produto muito bom!,Product,,Good,,
"ótimo, entrega rápida e produto excelente.",Product,Store,Good,,
muito bom recomendo ,Product,,Good,,
"O Produto é bom.
Boa qualidade.
Porém é a segunda vez que eu compro essa mochila e não veio o adesivo da cachorro loko.
O motoboy que trabalha conosco é fissurado por esses adesivos.",Product,,Good,,
não me enviaram tambem,,Store,Bad,,
"Comprei pra utilizar no pós cirúrgico de mamoplastia de aumento. Aconselho o uso a partir de 2 meses após a cirurgia, o ideal é combinar com seu médico.

Muito confortável, material ótimo, super resistente! ",Product,,Good,Experience,
EU ACHEI MUITO BOA ESTA CAMISETA,Product,,Good,,
"o produto é de ótima qualidade, fácil instalação e a entrega foi muito rápida.",Product,Store,Good,,
Eu achei maravilhoso!! simples assim.,Product,,Good,,
"Entrega antes do prazo, mas, as lanternas vieram diferentes na cor, uma mais clara que a outra. Quase imperceptível.

Comprarei mais no site.",Product,Store,Good,,
esperava um recorte mais fino...,Product,,Bad,,
Produto bom.,Product,,Good,,
muito lindo e ótima qualidade. amei...,Product,,Good,,
"muito bom,valeu",Product,,Good,,
Sabonete em gel para o cabelo e corpo muito cheiroso com a mesma fragrancia do perfume,Product,,Good,,
"Amei o cheiro, fixação, embalagem, recomendo muito!",Product,,Good,,
Produto de boa qualidade e bom acabamento. Ainda não tive a oportunidade de usar na chuva mas a primeira impressão foi muito boa.,Product,,Good,,
"Acho que a base deixa um pouco a desejar no quesito cobertura, eu que uso corretivo colorido percebo que vc tem que passar bastante base para tampa-lo.",Product,,Bad,,
"Perfeito! Fiquei com preocupada em ter q trocar, porque vi algumas opiniões aqui e eu já tinha comprado o tamanho P. Mas ficou perfeito igual na foto, inclusive o tamanho. Tenho 1,69 e 61 Kg. Adorei e já fiz novas compras, estou aguardando ansiosa.",Product,,Good,,
"Poderia ser melhor. Ao dirigir o carro,  a parte superior fica enrugada.",Product,,Bad,,
"Um bom perfume, ganhei junto à compra de outro e minha mãe simplesmente adorou, fragância suave mas elegante.",Product,,Good,,
Bom,Product,,Good,,
Produto bom...gostei mt dessa pedaleiras....,Product,,Good,,
"Perfume marcante, maravilhoso ",Product,,Good,,
"O produto é bom, traz bastante conforte para o apoio dos pés. Não demonstrou ser frágil e possui borrachas na parte de apoio do chão que impedem que ele deslize. O único porém que faço é que ele não permite uma regulagem de ajuste fino de altura e ângulo, tal como no modelo mais caro da Kensington: ele possibilita apenas três alturas com os respectivos ângulos que se formam a cada altura ajustada.",Product,,Good,,
"Eu achei ótimo, muito bom aconselho.",Product,,Good,,
Muita bonita e muito confortável. Recomendo.,Product,,Good,,
ainda estou em fase de experimentação. Percebo que os produtos são bons sim. ,Product,,Good,,
"Atenderam minhas expectativas. Foi aniversário de criança, mas quem mais se divertiu usando foram os adultos. Ficou muito bonita a festa com os convidados mascarados.",Product,,Good,,
Adorei como todas que comprei ,Product,,Good,,
excelente,Product,,Good,,
"Muito bom, brinde!!!",Product,,Good,,
Bonito!,Product,,Good,,
"Transação tranquila e rápida, e preço bom",,Store,Good,,
Perfeito para o que eu precisava.,Product,,Good,,
TOP,Product,,Good,,
Mesa muito bonita. O preço foi determinante para a compra.,Product,Store,Good,,
"Produto muito bom, de alta qualidade.",Product,,Good,,
muito bom,Product,,Good,,
Produto de qualidade!,Product,,Good,,
Excelente qualidade e bem distribuído.,Product,,Good,,
nao gostei do parafuso do ajuste de altura...muito fino. e vende separado tive que pagar 2 fretes,Product,Store,Bad,,
Adorei!! Dá um toque em qualquer visual!!,Product,,Good,,
Base de excelente qualidade.,Product,,Good,,
"A compra foi recente por isso não tenho muito o que dizer, até hoje tem funcionado perfeitamente.",Product,,Good,,
Muito bom! ,Product,,Good,,
"Ótimo produto. Mas, os pés e a base poderiam ser metálicos; o sistema de ajuste de inclinação do encosto para costa poderia ser melhorado; poderia haver ajuste de altura do encosto para costa.",Product,,Good,Bad,
"Sim. Bota muito bem acabada e bonita. Recei a peça sem nenhum defeito.
Recomendo.",Product,,Good,,
"funciona certinho
prático",Product,,Good,,
Suave e me levou a minha juventude.,Product,,Good,,
"PRODUTO EXCELENTE!!!
PRODUTO BOM, REALMENTE CUMPRE O QUE PROMETE!",Product,,Good,,
"Camisa de excelente qualidade e linda
Pelo preço da promoção que paguei foi um ótimo negócio...
Já pelo preço normal não acho tão justo...
Mas o produto é ótimo!",Product,Store,Good,,
"Massa demais! Aprovado!
Comprei para cobrir alguns riscos que minha cadeira estava fazendo na parede e ficou melhor que eu imaginava!",Product,,Good,,
Amei deixa o cabelo super macio lindo e brilhoso,Product,,Good,,
"Super recomendo, a entrega foi rapida e o protudo foi de encontro com as minhas expectativas.",Product,Store,Good,,
Gostei do conceito inovador de shampoo sólido. Ele limpa delicadamente os cabelos. ,Product,,Good,,
Por engano.Produto não funciona conforme informado e desejado.Nao cumpre a finalidade de uso prometido.,Product,,Bad,,
"Sementes bem selecionadas, bem embalada.",Product,,Good,,
Bonito e por um preço razoável.,Product,Store,Good,,
"Perfeito, empresa séria recomendo a todos.",Product,Store,Good,,
Tem boa qualidade.,Product,,Good,,
Sem comentários. Maravilhoso!,Product,,Good,,
"Um livro motivador, para alargar as fronteiras, discernir a carreira proposta, com a ajuda do Espirito Santo.",Product,,Good,,
gostei.dentro do esperado.,Product,,Good,,
"Massa!
",Product,,Good,,
"Pq adoro esse tipo de calcinha, não marca, não aperta é realmente um produto ótimo!!!!! Super recomendo, serve para qualquer tipo de corpo..",Product,,Good,,
Muito bom. Compra fácil e chegou antes do previsto,Product,Store,Good,,
Muito bom,Product,,Good,,
"muito bom, textura perfeita, cor maravilhosa",Product,,Good,,
"Muito bom, mas as setas não encaixam ",Product,,Good,,
via site procurando,,,Neutral,,
Meu médico receitou e aprovei dá um ânimo.,Product,,Good,,
"Idem.  Caneta excelente
",Product,,Good,,
"Não comprem jogos dessa loja, antes pesquisem no RECLAME AQUI e vejam como o atendimento é um lixo e as contas sao banidas",,Store,Bad,Offensive,Contention
ótimo produto! Confortavel e de qualidade.,Product,,Good,,
"ótimo produto, superou minhas expectativas.",Product,,Good,,
um bom produto que poderia ser ainda melhor se o 'pente' de aplicação fosse com cerdas macias para não machucar tanto os olhos. Elas são beem duras.,Product,,Good,Bad,
linda linda tamem quero mais pecas,Product,,Good,,
"gosteii e´ que  espérava  e ummm bommm   protetor kk
",Product,,Good,,
"Fiquei muito satisfeito com a compra, produto de excelente qualidade! Obrigado!",Product,,Good,,
achei de difícil aplicação ,Product,,Bad,,
"Super fofa, adorei..",Product,,Good,,
Produto muito bom,Product,,Good,,
"pneus condizente com as espectativas, bom de carga e bom de lama.",Product,,Good,,
"Muito bom !
Um produto realmente útil e complementar ao excepcional aparelho S6 Edge+ .",Product,,Good,,
"Excelente máscara capilar!! Derrete o cabelo na hora, super hidrata e possui um cheiro bastante agradável!",Product,,Good,,
"Recebi o fogão e demorei 15 dias para abrir, pois eu estava com a função de mudança. Quando abri... não veio o suporte de uma boca (da maior - do centro). Será que a Lebes ou a Brastemp vão me ajudar? Socorro, preciso de ajuda urgente!!!
Att,
Rosa",,Store,Bad,,
Eu gostei demais do produto ,Product,,Good,,
muito bom,Product,,Good,,
" Esse perfume é muito gostoso, é deslumbrante.",Product,,Good,,
"Esperava que fosse mais macia
É confortável",Product,,Bad,,
Fiquei bem satisfeita com a qualidade das peças e a rapidez com que me foi entregue.,Product,Store,Good,,
Bom material com boa modelagem,Product,,Good,,
"A bota começou a comer meu calcanhar, devido a um problema de costura, deixando uma parte bem exposta e machucando. somente usando fita crepe ou band aid para evitar os machucados. Comprei 2 botas diferentes e tive problemas com as duas.",Product,,Bad,Dangerous,
"Produto muito bom, pois atendeu as minhas expectativas.",Product,,Good,,
Uma delícia.... :),Product,,Good,,
por ter atendido minhas espectativas,Product,,Good,,
Camiseta com a estampa mais legal que já fizeram!,Product,,Good,,
"Queixeira é confortável, mas deveria ter uma maior base de contato com a cabeça para não escorregar, pois costuma soltar da cabeça.",Product,,Good,Bad,
Produto de excelente qualidade!!!,Product,,Good,,
"Sincronização muito lenta, navegação sem precisão, atualização não funciona, enfim, uma péssima escolha!!",Product,,Bad,,
Correspondeu plenamente as expe,Product,,Good,,
"Produto muito bom, e preço excelente.
",Product,,Good,,
Pequeno demais.,Product,,Bad,,
"Excelente, está entre os melhores.",Product,,Good,,
Amei o produto e chegou no prazo estabelecido. Com certeza voltarei a comprar o mesmo.,Product,Store,Good,,
"Conjunto lindo, tecido confortável... Atendeu as expectativas.",Product,,Good,,
nota 10 as camisas polo.,Product,,Good,,
Tudo certo!,Product,,Good,,
"Gostei bastante da estampa e qualidade, e principalmente pelo fato de ter abertura na frente que facilita amamentar!",Product,,Good,,
Muito prático e de ótima qualidade! Adorei!,Product,,Good,,
"não tivemos problemas, isso foi levado em  consideração,já que outros produtos diferenciados tivemos problemas. Agradecemos a responsabilidade e eficácia na entrega.",Product,Store,Good,,
Eu achei horrível . Não recomendo muito pouca proteção vaza tudo,Product,,Bad,,
Muito boa!,Product,,Good,,
excelente,Product,,Good,,
Belíssimo,Product,,Good,,
"Produto bom mas a embalagem é tubo e sai demais, logo que abri a primeira vez vazou muito.",Product,,Good,Bad,
Dentro do esperado,Product,,Good,,
Ficou lindo e superou minha expectativa adorei.,Product,,Good,,
"LOJA MENTIU QUE EU RECEBI O PRODUTO
NÃO RECEBI
TEREI QUE ENTRAR NA JUSTIÇA",,Store,Bad,Contention,
"Muito bom, ótimo atendimento, entrega  rápida e segura! Obrigada",Product,Store,Good,,
otimo preco e boa assistencia,,Store,Good,,
ATÉ O MOMENTO NÃO TIVE PROBLEMAS COM O PRODUTO - TAPETE CARPETE BORDADO PALIO G1 G2 G3 G4 1996 A 2012,Product,,Good,,
Um otimo produto. Eu recomendo,Product,,Good,,
Sem palavras para descrever!! meus cabelos agradecem!!,Product,,Good,,
"Gostei muito, estou usando durante o dia. Fixa bem e fica um cheirinho bom bastante tempo. É muito bom!",Product,,Good,,
"achei linda, bem delicada e confortável  ",Product,,Good,,
"Qualidade, beleza e conforto!",Product,,Good,,
Ótimo,Product,,Good,,
"Uma delícia, minha mulher adorou",Product,,Good,,
gostei do produto,Product,,Good,,
"E ótimo uso há muito tempo.. é minha marca, o meu cheiro.Super recomendo.",Product,,Good,,
pq a gola veio invertida... entrei em contato com vocês e nao tive resposta.,Product,Store,Bad,,
TUDO OK COM ESSE OBRIGADO.,Product,,Good,,
Gostei muito do produto recomendo a todos ,Product,,Good,,
Muito lindo amei... ,Product,,Good,,
Chegou mais rapido do que o esperado. ,,Store,Good,,
Atende as minhas necessidades e agora não me deixa na mão. Agora tenho bateria em todo lugar pra curtir toda ocasião!,Product,,Good,,
maravilhoso,Product,,Good,,
"preço, qualidade e agilidade na entrega",,Store,Good,,
"A estampa é linda, porém a numeração é bastante pequena. Para quem não tem muito busto parece que achata, desvaloriza.",Product,,Good,Bad,
Surpreendente e emocionante! Um presente pra nunca ser esquecido!,Product,,Good,,
bom o produto,Product,,Good,,
"Achei boa a relação custo/beneficio e fiquei satisfeito com o produto, o cordão que estica a rede é que poderia melhorar.",Product,Store,Good,,
"Era o que esperava, de boa qualidade e confortável",Product,,Good,,
Chegou antes do prazo de entrega,,Store,Good,,
"Eu achei muito bom, o gosto é uma delicia ! Só é ruim sujar o dedo para passar ! ",Product,,Good,,
"Excelente produto, além da Bololô ter feito a entrega no tempo combinado.",Product,Store,Good,,
Poderia ser melhor acabado.,Product,,Bad,,
AINDA NÃO LI,Product,,Neutral,,
"Lindo, entrega rapida",Product,,Good,,
muito bom fiquei satisfeitíssima pois minhas colegas já usam e assim me indicaram e usei ficou do jeito que foi orientada pelo site  ,Product,,Good,,
gostei muito,Product,,Good,,
Produto cumpre o que se propõe a fazer.,Product,,Good,,
"Bota linda e numeração ok. Só faltou uma palmilha, a sola ser direto na ""madeira"" não é muito confortável, e imagino eu, diminui o tempo de vida da bota.",Product,,Good,Bad,
Ótimo livro bem detalhado é como o professor tivesse falando comigo,Product,,Good,,
Compra rápida e produto de ótima qualidade.,Product,Store,Good,,
Maravilhosooooooo,Product,,Good,,
"Deixas os cabelos super macios, hidratação e nutrição perfeita, além de muito cheiroso!",Product,,Good,,
"UMA BOA JAQUETA,COM UM ÓTIMO CUSTO BENEFICIO",Product,,Good,,
Muito linda comprei as duas cores. Mas tem um plastico colado  em baixo que acho que tem que tirar pois escorrega. e sai um pouco da tinta no pé,Product,,Good,Bad,
"Excelente produto.
Recomendo com certeza,muito simples de usar.",Product,Store,Good,,
"Todos os anos compro minhas etiquetas com vocês.
Material de qualidade e entrega rápida.",Product,,Good,,
"Sim, muito bom, do jeito que queria",Product,,Good,,
Maravilhoso! Amo os produtos da clinique! Esse limpa bem a pele e deixa uma sensação ótima de limpeza sem causar ressecamento. ,Product,,Good,,
DE BOA QUALIDADE! CHEGOU RAPIDO.BOM ATENDIMENTO,Product,Store,Good,,
"Ótimo!A troca foi em conta,mesmo que me enviassem o número 40 ficaria grande e me enviaram o 39.Calçou muito bem.
Parabéns,indico a outros com certeza!
Obrigado.
Att:Jesus.",Product,,Good,,
estou vendo resultado,Product,,Good,,
otimas,Product,,Good,,
"Quando chegou não achei que tem tanta a cara de um cachorro. Pelo computador parecia mais....
",Product,,Bad,,
muito bom,Product,,Good,,
site super confiável,,Store,Good,,
"O produto é muito bom. Excelente espaço interno, bem acabado, iluminação excelente. Unico ponto negativo fica por conta da grade traseira(radiador) que fica exposta, poderia ser embuntida como em outros refrigeradores.",Product,,Good,Bad,
OTIMO,Product,,Good,,
"EU ACHEI QUE A FRAGRÂNCIA DEVERIA SER MENOS FORTE, UMA DOSAGEM MENOR DE ESSÊNCIA DEIXARIA A COLÔNIA MAIS SUAVE. ",Product,,Bad,,
"Muito bom, som excelente, indico!",Product,,Good,,
"O pano de copa é um pouco mais fino do que eu esperava, mas é muito bonito. Valeu a pena ser comprado.",Product,,Good,,
"Bauleto excepcional, recomendo a todos!",Product,,Good,,
bom,Product,,Good,,
"é bom, podia ser melhor pela potencia que tem.",Product,,Good,Bad,
Produto bom mas tamanho pequeno ,Product,,Good,Bad,
"a camiseta é igualzinha a imagem do site, cores bem vivas e nao desbotam, exatamente como na descrição. entrega do antes do prazo.",Product,Store,Good,,
"Gostei do produto, contudo, a numeração é maior. ",Product,,Good,Bad,
"Eu achei excelente o produto, e o atendimento foi ótimo.",Product,Store,Good,,
Produto de qualidade.Gostei muito. obrigada.,Product,,Good,,
Estou gostando muito  e está me ajudando a chegar no meio objetivo ,Product,,Good,,
"Mais um produto nota 10 da Senscience. Adorei. Uso uma vez por semana pra substituir o condicionador. O cabelo fica diferenciado, mais macio e mais sedoso. ",Product,,Good,,
ótimo,Product,,Good,,
Excelentes profissionais,,Store,Good,,
"Um bom jogo, porém de jogabilidade ruim. A mira não é tão simples de entender, mais tem uma história bacana.",Product,,Good,Bad,
"Sem opinião formada, pois até agora o móvel não foi montado. Comprei com promessa de montagem e assim que chegou, me informaram que não entra na lista de móveis que são montados pela loja. Estou com uma reclamação no procon, aguardando resposta da loja.",,Store,Bad,Contention,
"A raquete é excelente. Balanço bastante para o lado do cabo. Com o peso 310 g parece ser mais que uma Head Speed MP que tenho. Ótimo controle.Acabamento muito bom.
Quanto à loja: Tennis Classic é excepcional, tanto na entrega quanto na clareza das informações e atendimento.
Recomendo a todos.",Product,Store,Good,,
porque meu cabelo fica bem hidratado com esse produto,Product,,Good,,
"O produto tem excelente qualidade. Fácil de passar, excelente durabilidade e cor vibrante. Chegou super rápido e ainda pude rastrear o pedido. Recomendo!",Product,Store,Good,,
o solado solta tinta azul,Product,,Bad,,
"profuto muito bom, porem MUITO demorado a liberação da key pra ativação",Product,Store,Good,Bad,
"Fui passar aspirador e ele descolcou quase todo porque simplesmente é colado e não costurado...
Descartável e caro
Nunca mais compro ai",Product,,Bad,,
"O material é excelente, parece duradouro e de boa qualidade.",Product,,Good,,
"Já havia adquirido o produto, e a relação custo X benefício, e excelente. Atende integralmente as necessidades de minha empresa.",Product,,Good,,
"Eu adorei o conjunto de panelas, lindo, qualidade excelente, preço esplêndido e entrega no prazo. Panelas e Doural notas 10.",Product,Store,Good,,
"Escolhi este produto ,porque atende o que preciso ,além de ter um bom tamanho .",Product,,Good,,
"Achei õtimo, quem amou foi meu filho.",Product,,Good,,
como a compra é bem recente não tenho como avaliar a durabilidade do produto. entretanto quanto aos demais quesitos avalio como bom.,Product,,Good,,
bom tecido veste bem,Product,,Good,,
queimou o lado esquerdo no segundo dia istalado,Product,,Bad,,
achei otimo e aproveito para agradecer pela atençao,Product,Store,Good,,
Muito bom.,Product,,Good,,
"Preço bom e material de ótima qualidade, uso para fazer natação.",Product,Store,Good,,
"eu achei maravilhoso este produto , eu recomendo a vocês vale comprar.....",Product,,Good,,
"Apesar do preço, um pouco salgado, é um perfume maravilhoso! Faz tempo que não sinto uma fragrância tão marcante e especial! Tanto o creme quanto o perfume, show!!",Product,,Good,,
"Lindo demais o produto, prático e o material é muito bom!",Product,,Good,,
Produto muito bom gostei parabens a equipe colombo.,Product,Store,Good,,
Não muda em nada um cabelo danificado...,Product,,Bad,,
Hosh com sessão duradoura e leve.,Product,,Good,,
Eu axei o  produto ótimo,Product,,Good,,
eu recomendo a compra do monitor pois funciona mesmo.,Product,,Good,,
Muito bom.,Product,,Good,,
" Excelente desiner, muito pratico e de facil instalacao",Product,,Good,,
"achei muito bem escrito e o conteúdo ótimo , atual e necessário. obrigada",Product,,Good,,
POR QUE FOI DENTRO DA EXPECTATIVA.,Product,,Good,,
Pq veio de acordo com o que eu esperava ,Product,,Good,,
Gosto muito de todos os produtos pela qualidade,Product,,Good,,
"achei interessante mas ainda não usei completamente, estou acabando meu suporte de ferramentas.",Product,,Good,,
Eu amei,Product,,Good,,
Seu Tatá amou!,Product,,Good,,
Sempre usamos borrachas da Faber Castell as melhores ,Product,,Good,,
O produto apresenta um bom custo benefício. ,Product,,Good,,
Muito bonita e o tecido de boa qualidade.,Product,,Good,,
Uma gracinha! Muito meiga!,Product,,Good,,
Falta variedade de cores e modelos. A capa original do aparelho eh muito sensível 1 queda e quebrou. E em nenhuma.loja física tinha a capa,Product,,Bad,,
Pois o produto conta com iluminação por led mesmo no mais escuro que tiver a imagem sai nítida e colorida ,Product,,Good,,
"Estou gostando muito do produto, mas acredito que ainda falta muito para começar a fazer diferença.",Product,,Good,,
Há 25 que uso Blue Jeans - Ótimo,Product,,Good,,
"Excelente, melhor protetor que já usei até hoje. ",Product,,Good,,
Com certeza o melhor alto-falante 6x9 que existe no mercado nacional. Esbanja potência e qualidade sonora.,Product,,Good,,
Excelente qualidade. Entrega rápida e preço justo. ,Product,Store,Good,,
Conforme anunciado.,Product,,Good,,
"Esse produto é perfeito,cheiro maravilhoso,deixa o cabelo leve e solto com brilho maravilhoso e perfumado.",Product,,Good,,
"Estou usando o produto há 3 semanas, duas vezes por dia, e é possível ver os resultados. A pele ficou menos oleosa, com brilho controlado e os poros diminuíram de tamanho. O preço é caro, mas vale a pena por ser um tratamento dos poros, e não apenas um paliativo para escondê-los.",Product,,Good,Experience,
"Eu amo a linha de produtos Nativa SPA, principalmente os sabonetes esfoliantes. Os produtos são excelentes.",Product,,Good,,
"Esfoliante super levinho, não agride a pele",Product,,Good,,
Fixação ótima e cores vibrantes. As cores do trio combinam perfeitamente.,Product,,Good,,
"Loja comprometida com o cliente,  Parabéns.....",,Store,Good,,
Até agora esta funcionando perfeitamente,Product,,Good,,
Otimo produto e veio super bem embalado recomendo a todos,Product,Store,Good,,
"comprei para dar de presente a minha afilhada de 26 anos,ela adorou. então fiquei satisfeita com o produto.",Product,,Good,,
"top d+++ ,recomendo a todos.....",Product,,Good,,
Gostei muito desse produto. Muito eficiente e até agora não tive problemas. Observei somente uma pequena oxidação entre as voltas na parte externa. Vou observar se evolui. ,Product,,Good,,
"Esse produto me foi indicado por uma veterinaria e ele realmente cumpre o que promete. Só tenho usado ele em meu cāo, de 3 em 3 meses. Recomendo!!",Product,,Good,,
"Um produto muito pratico, versatil, fácil de usar, manuseio pratico...um produto completo, estão de parabéns...obrigado.",Product,,Good,,
"Bom produto, deixando o cabelo sedoso com brilho. Aroma agradável. ",Product,,Good,,
"bom produto atendeu meu projeto produto excelente








",Product,,Good,,
Pq achei a melhor opcao e amei o tenis,Product,,Good,,
Foi tudo tranquilo,,Store,Good,,
"Ótimo produto, recomendo.",Product,,Good,,
Kit maravilhoso! Colônia muito boa com cheiro bem masculino e marcante. Desodorante e pós barba tops!,Product,,Good,,
"Qualidade muito boa, estampa e tecido muito bons! 
Quem for comprar o modelo baby look atente-se ao tamanho, baby look é sempre menor que os tamanhos tradicionais. 
",Product,,Good,,
Esfoliação suave. Uma pequena quantidade ja espalha bem.,Product,,Good,,
Um livro essencial para aqueles que buscam um real esclarecimento sobre algumas questões sociais e políticas.,Product,,Good,,
"muito bom.e um belo design.
",Product,,Good,,
"Eu achei o produto bom, gostei.",Product,,Good,,
Sim. Sempre uso bateria original na minha moto.,Product,,Good,,
"Produto com péssima fixação, como 24h passa longe!",Product,,Bad,,
Bom,Product,,Good,,
Usei apenas uma vez não foi o resultado esperado mas vou continuar usando.,Product,,Bad,,
"O melhor queijo, eu adoro essa marca",Product,,Good,,
"Mudou apenas o design e o tecido, a estrutura é a mesma do anterior,para saber se o tecido é resistente só o tempo mesmo, mas como gosto do creation, acho que vale apostar. ",Product,,Good,,
a contento.,Product,,Good,,
Deu nota 5. Produto bom. parabéns! ,Product,,Good,,
muito bom produto. Valeu a compra e a entrega foi a jato. Parabéns.,Product,Store,Good,,
Design e tecido de qualidade,Product,,Good,,
"Excelente atendimento, o produto é de qualidade e a entrega foi perfeita.",Product,Store,Good,,
"Tamanho conf. anúncio, 4mm, mas linda embalagem e com certificado de garantia! Amei a compra!",Product,,Good,,
Bom pra dar uma nova aparência no veículo,Product,,Good,,
Cheiro muito bom. Compraria.,Product,,Good,,
"Gostei, lindo",Product,,Good,,
"Para viajar, muito confortável.
Aprovada.",Product,,Good,,
"Nao pude utilizar ainda, mas quanto ao atendimento da loja é nota 10 pela rapidez e qualidade do mesmo",,Store,Good,,
"Ótima camiseta, comprei 2. No mercado não tem muitos modelos de patins e baratos, a Savana faz isso... Se tivesse um modelo com patins Urban/Freeskate seria bem legal. Obrigado!",Product,Store,Good,,
"Estou usando a 3 semanas, 2 vezes ao dia, e já notei uma uniformidade na cor da minha pele, ainda não posso falar das pequenas rugas, mas acredito que com o uso continuo, este produto cumprirá o que promete. Um produto leve bem fluido, recomendo. Época parabéns, entrega e SAC perfeitos. ",Product,Store,Good,Experience,
"Achei o produto muito bom, gostei. ",Product,,Good,,
Ótima qualidade! Entrega no prazo! Recomendo!,Product,Store,Good,,
achei ótimo.produto recomendo para revenda.,Product,,Good,,
acho o produto bom e funcionou direito desde a primeira impressão.,Product,,Good,,
"Muito bom, adorei o produto, ótima qualidade.",Product,,Good,,
Excelente ,Product,,Good,,
"preço, qualidade, durabilidade",Product,,Good,,
Otimo produto,Product,,Good,,
Gostei do produto. Me auxilia no trabalho.,Product,,Good,,
"muito bom o produto. 
Ainda estou testando mas gostando muito!
",Product,,Good,,
Gostei muito,Product,,Good,,
Ótimo produto tecido leve e confortável ,Product,,Good,,
O jogo tem ótimos componentes e uma temática incrível! Boa alternativa ao demorado Eldrich Horror.,Product,,Good,,
A camiseta é maravilhosa.,Product,,Good,,
"Excelente, de boa qualdade e muito bonito. Exatamente como eu queria",Product,,Good,,
facilidade de compra,Product,,Good,,
"Bom cabo, ideal para fazer Y ",Product,,Good,,
"PORQUE FUI BEM ATENDIDO, O PRODUTO FOI ENTREGUE CONFORME COMBINADO, E O CASO FOI RESOLVIDO. ",,Store,Good,,
"Não gostei, o degrade é meio apagado, veio com uns manchas pretas na laterais e é bem transparente.",Product,,Bad,,
Excelente sabonete! Cheirinho muito bom e gostoso na pele.,Product,,Good,,
"quanto ao produto: penso que poderia ser um pouco melhor em termos de ajustes e acabamento.
quanto ao atendimento/entrega realizado: excelente.
voltarei a comprar em breve",Product,Store,Bad,Good,
Design arrojado e de personalized.  ,Product,,Good,,
"entrega super rápido produto muito bem
embalado.recomendo",,Store,Good,,
Nao dei a nota maxima porque fiquei um pouco decepcionada. Ele nao tritura tão bem como eu pensei ao ver o video. ,Product,,Good,,
Exelente os resultados no abdomen!,Product,,Good,,
"Compacta,  boa capacidade,  fácil instalação e utilização. ",Product,,Good,,
Excelente game pra quem gosta de estratégia e ação.,Product,,Good,,
Produto com um design muito bonito,Product,,Good,,
Bom!,Product,,Good,,
"Produto de boa qualidade, so que quebra muito facilmente.",Product,,Good,Bad,
"Excelente tela e câmera, rápido, trava pouquíssimo pra um Android. Está entre os Tops do mercado. Só peca por não possuir certificação a prova d'água e poeira, e carregamento wireless nativo como o G3.",Product,,Good,,
"Atenciosos demais. Efetuei a compra pelo site e depois de algumas horas ligaram para meu celular confirmando os dados de compra e meus dados. Meu dermógrafo veio com um probleminha (ele desligava durante o procedimento) e entrei em contato pelo whatsapp de trocas e devoluções e me deram um código de isenção de pagamento dos correios para que eu enviasse o produto. Dentro de 6 dias obtive um produto novo. Gostei muito do atendimento. Rápido, prático e confiável.",,Store,Good,Experience,
FOI UM PEDIDO,,,Neutral,,
Bom!,Product,,Good,,
Gostei material bom e confortável.,Product,,Good,,
"Otimo tamanho, bom acabamento. Logo na minha primeira viagem foi testado na chuva e ficou comprovada sua impermeabilidade. 
Agora é torcer para que a durabilidade também ganhe nota alta.!",Product,,Good,,
"Ótimo produto muito satisfeito ,estão de parabéns entregam até antes do previsto.
",Product,Store,Good,,
Linda máscara. Muito rica em detalhes.,Product,,Good,,
"Eu achei o produto excelente, muito pratico e util. Adorei!",Product,,Good,,
"Boa qualidade, bonita, couro macio.",Product,,Good,,
muito cheiroso e boa duraçao,Product,,Good,,
muito bom,Product,,Good,,
Boa fixação. O cheiro é delicioso e a entrega foi rápida!,Product,Store,Good,,
Produto Top! Funciona Perfeitamente!,Product,,Good,,
linda blusa,Product,,Good,,
"otimo, como as características apresentaadas no anuncio",Product,,Good,,
Ex,,,Junk,,
"MARAVILHOSA, SITE EXCELENTE...COMPRO SEMPRE",Product,,Good,,
Porque é um ótimo produto,Product,,Good,,
Amei muito também! Corte e tecido são de muita qualidade! Adorei! Só não gosto do preço!,Product,,Good,,
"um aroma cativante
embalagem linda 
já usava antes adoreiiii",Product,,Good,,
MARAVILHOSO TÊNIS DE 1 QUALIDADE EM TODOS OS ASPECTOS.,Product,,Good,,
muito bom para fazer o shake cremoso no espaço Herbalife,Product,,Good,,
"Achei mto linda ao vivo e a cores. Vou dar de presente p meu filho usar no trabalho. Vamos ver se ele vai aprovar...
Parabens, Colombo!
Entrega rapida! Nota 1000",Product,Store,Good,,
"Eu achei, suave;
Eu compraria de novo;
Eu indicaria.
",Product,,Good,,
amei,Product,,Good,,
"O jogo é excelente, não tem o que explicar, é Dark Souls.",Product,,Good,,
Linda...amei a estampa e a malha.,Product,,Good,,
"Encaixe perfeito, sem necessidade de ajustes",Product,,Good,,
"bom 
comum, nada de diferente",Product,,Good,,
"Preço super em conta, e produto de ótima qualidade! <3",Product,,Good,,
"é maravilhosa,, excelente peça, linda e com um material excelente,, gostei muito mesmo. de tudo superou minhas expectativas. a marca é ótima.",Product,,Good,,
"O preço foi razoável, o prazo de entrega ótimo, produto de boa qualidade, no entanto um dos itens (1 reator do farol xenon, pois eram 2 unidades no kit) está com defeito (queimado), ou seja, se todos os itens estivessem ok, eu teria ficado 100% satisfeito com a compra!",Product,Store,Good,,
Linda...Veste bem e o decote atrás valoriza o modelo da blusa.,Product,,Good,,
"Otimo, amei, comprarei mais",Product,,Good,,
Eu gostei so acho que esta demorando muito para aparecer resultado. ,Product,,Good,Bad,
"Produto muito bom, entretanto o botão é de baixa qualidade.",Product,,Good,Bad,
Produto com acabamento muito bom encaixe perfeito estou satisfeito com o produto. ,Product,,Good,,
"Excelente aquisição e rápida entrega, recomendo!",Product,Store,Good,,
"Acabamento cuidadoso, sem cheiro ou detalhes.",Product,,Good,,
"Eu achei o produto muito bom. Mas a atitude da loja superou tudo, pois, eu feito o pedido que incluía o ternos e outros produtos, mas o terno não havia vindo, reclamei, tive um atendimento excelente e depois me enviaram o terno, se não fiz confusão, também houve a devolução do correspondente.

sou cliente da como há mais de 35 anos e espero continuar por mais 35.",Product,Store,Good,Experience,
Possui a cor muito bonita e bom material.,Product,,Good,,
"Sim, muito confortável",Product,,Good,,
"ficou apertado, tirei as medidas pela informação q vcs passaram porem ficou apertado....fiquei muito instisfeito.",Product,,Bad,,
Produto  de alta qualidade. Muito bom.,Product,,Good,,
"Muito bom
Vendedor muito eficiente
",Product,Store,Good,,
otimo do jeitinho que eu gosto,Product,,Good,,
Muito bom. ,Product,,Good,,
"toca demais, sem ruido",Product,,Good,,
"Na verdade não usei ainda, porém tendo em vista a marca, deve ser de ótima qualidade.",Product,,Good,,
Prática e de ótima qualidade....,Product,,Good,,
Do jeitinho que eu queria,Product,,Good,,
Textura maravilhosa... Deixa a pele macia.....,Product,,Good,,
Muito ruim a qualidade !!,Product,,Bad,,
Produto muito bom! esta atendendo.,Product,,Good,,
"Achei ótimo, em todo o trajeto da minha viagem fiquei informada sobre minha bagagem. Isto da tranqüilidade e segurança. Recomendo.",Product,,Good,,
eu achei exelente.,Product,,Good,,
"É um produto que eu,sempre tenho comigo...posso recomendá-lo com segurança...",Product,,Good,,
Muto bom!,Product,,Good,,
Costei do cheiro que é maravilhoso,Product,,Good,,
"Seria perfeito se as bermudas tivessem um bolso interno com fecho ecler, assim como outra bermuda cargo da Taco que eu havia comprado em 2015.",Product,,Good,,
o produto é ótimo de boa qualidades,Product,,Good,,
"Perfeito...  Parece q advinha o precisamos na pele 






",Product,,Good,,
Celular rapido com camera perfeita!!,Product,,Good,,
"eu adoro este perfume. Sempre que está em oferta eu aproveito para comprar, porque ele é maravilhoso.",Product,,Good,,
"Tudo OK! Produto otimo, Recomendo ",Product,,Good,,
MUITOOOO BOOOA MESMO,Product,,Good,,
Excelente ,Product,,Good,,
O PRODUTO NAO CHEGOU NO DESTINO.,,Store,Bad,,
Brinco muito bonito e entrega rápida...adorei,Product,Store,Good,,
Muito bom o produto.,Product,,Good,,
"Eu adorei o produto muito confortável, e são lindas  ",Product,,Good,,
"nao serviu exatamente para oque eu precisarei , mas... blz 
",Product,,Good,Bad,
Comecei usar e pensava que era mais forte como o NeoStrata! Espero que o resultado melhore!,Product,,Bad,,
"Otimo! Produto nao agride o cabelo, deixa-o brilhante  e maleavel.",Product,,Good,,
"Não gostei, a válvula não é apropriada para utilizar no shampoo que comprei.",Product,,Bad,,
"Adorei o adesivo, ficou bem bacana no meu quarto.
A entrega foi super rápido.
Estão de parabens!!",Product,Store,Good,,
"tecido leve, veste muito bem",Product,,Good,,
PÉSSIMO ATÉ AGORA AINDA NÃO RECEBI O PRODUTO E NEM TENHO RETORNO DE NINGUEM.,,Store,Bad,,
"Gostei, ficaram mto bons...",Product,,Good,,
"Produto (boné) com muitos fios soltos, acabamento deixou a desejar.",Product,,Bad,,
O produto é de boa qualidade.,Product,,Good,,
muito bom ok,Product,,Good,,
"Ótimo produto, excelente custo benefício. Primeira vez que compro, todas as peças que pedi são de ótima qualidade, com certeza comprarei mais vezes.",Product,,Good,,
arrasouuuuu! super bonitinha!,Product,,Good,,
muito bom,Product,,Good,,
Comprei o produto e al estala nao funcionou pois entrei em contato com vcs e me mandarao enviar o produto mas tennho q paga a postagem .pois o produto chegou dia 12/06 e istalado 13/06 ligou e desligou automaticamente.,,Store,Bad,,
"otimo , muito bom e rapida entrega ",Product,Store,Good,,
Amei tudo! Lindos e caprichados! Virei fã! ,Product,,Good,,
Sim! Tudo ok ;),Product,,Good,,
"Gostei, porém ainda não os utilizei.",Product,,Good,,
"Proveniente da compra do meu capacete, eficiente para manter meu produto higienizado e limpo, mantendo a conservação.",Product,,Good,,
Produto de qualidade e bom acabamento. E modelo atual.,Product,,Good,,
"A cortina é maravilhosa!!!! Muito mais linda do que na foto! A cor na foto parece ser rosada, mas é champanhe com fios bege dourado e bege perola bordados... Dá um efeito dourado dependendo da luz. Deixa a sala com um efeito muito sofisticado. Linda demais!!! Excelente compra!! Entrega rápida, muito boa loja! ",Product,Store,Good,,
era o que eu esperava,Product,,Good,,
"Tecido de qualidade, bem como a estampa. A cor é linda de morrer. Pra quem adora azul e Pequeno Príncipe, essa é a combinação perfeita! (:",Product,,Good,,
muito bom. tem bastante estabilidade,Product,,Good,,
"Normal, caro para um condicionador comum. O cheiro é ótimo.",Product,,Good,,
O cheiro dele é incrível e em duas aplicações já senti diferença!,Product,,Good,,
Produto ótimo e entrega rápida ! Foi presente e a pessoa que ganhou adorou ! ,Product,Store,Good,,
"Eu achei muito bom. Leve, bonito, rápido no processamento e o preço estava ótimo! ",Product,,Good,,
"Uma fritadeira bem prática, facilita muito o preparo dos mais diversos alimentos.",Product,,Good,,
"Dificil escolher o tamanho pois nao tem bojo, pra mim ficou um pouco grande, acho que acostumei com sutia de bojo.",,,Neutral,,
"muito bom, veio muito rápido e o produto veio em perfeito estado.",Product,Store,Good,,
sim,Product,,Good,,
perfeita ótimo ,Product,,Good,,
PECIMO,Product,,Bad,,
"Ótimo produto, promove excelente qualidade de som.",Product,,Good,,
"linda, excelente corte, bom caimento, a imagem no site demonstra bem o que ela é presencialmente.",Product,,Good,,
"Eu achei os pneus Goodride um produto de ótima qualidade e preço 
bem competitivo, ainda não sei quantos KM vão durar, mas acho que valeu a opção.",Product,,Good,,
"Produto perfeito, entregue no prazo e em ótimo estado de proteção. ",Product,Store,Good,,
"muito bom... excelente, super indico",Product,,Good,,
"Consegui resolver o funcionamento da ducha com sucesso.Tive um atendimento excelente:faturamento e entregar rapidas.BOM DE MAIS TRABALHAR COM PRODUTOS DE QUALIDADE REPRESENTADO POR ""EMPRESA SERIA"".",Product,Store,Good,,
"Achei que o produto era mais esfoliante e menos oleoso.
Mas gostei, me adaptei a textura dele.",Product,,Good,,
"Tudo ok com o produto, entrega antes do previsto. Unico ponto negativo é que não vem instruções, de como prende-lo no afastador. Pedi as instruções e até agora nada!",Product,Store,Good,Bad,
Um material bem acessível para quem está começando a trabalhar com aquarela!! Super recomendo.,Product,,Good,,
Maravilhoso!!!!!! Amoooo esse perfume!!! Volta de vez!!!!,Product,,Good,,
"Adorei o fogão.E a empresa tem ótimo atendimento,entrega de qualidade.Já realizei 3 compras e fiquei muito satisfeita.",Product,Store,Good,,
"Tem uma textura espessa que não espalha muito fácil. Precisei colocar mais produto, e minha cachorrinha é uma shih tzu pequena. Deixou ela limpinha, o cheiro é ótimo.  Ainda testando, mas recomendo. ",Product,,Good,Bad,
"Achei o P muito grande, tive que mandar para tirar um pouco de pano ao lado. Mas é lindo",Product,,Bad,Good,
Maravilhosa! Deixa o cabelo com um brilho intenso... Amei,Product,,Good,,
"Linda, veste muito bem. ",Product,,Good,,
Produto muito bom,Product,,Good,,
"Gostei muito, bem feita e tamanho esperado",Product,,Good,,
"Produto de qualidade, e a entrega perfeita.",Product,Store,Good,,
adoro os esfoliantes da boticário.... amo o cheirinho deles!! :),Product,,Good,,
nao conhecia mais foi otimo,Product,,Good,,
Otimo para trabalhar.,Product,,Good,,
"PQ  ALÉM DE SER BELA BELÍSSIMA, É TUDO DE BOM MODERNA CHARMOSA, UMA MÁQUINA DE FAZER GELO, SEM CONTAR QUE É UMA BRASTEMP.PRECISA DE MAIS? ACHO QUE NÃO NÉ?",Product,,Good,Excellent,
"AINDA NAO UTILIZEI,MAS CONCRUI PELA QUALIDADE DAS MESMA QUE E OTIMA",Product,,Good,,
eu esperava mais da peça,Product,,Bad,,
sim,Product,,Good,,
"É bom, consistencia bem firme, como uma base.  Boa cobertura",Product,,Good,,
Uma delicia de perfume. Entrega e atendimento nota 10! ,Product,Store,Good,,
Melissa linda e super confortável ❤️,Product,,Good,,
Atendeu as expectativas!,Product,,Good,,
eu achei um produto excelente,Product,,Good,,
"Adorei todos os produtos adquiridos, cumpriram com o combinado. ",Product,,Good,,
"ADORO! FRAGANCIA MARAVILHOSA,RECOMENDO.",Product,,Good,,
creme maravilhoso!!,Product,,Good,,
"Hinos no tom correto pra violino, instrumento que toco. Este material poderia ser impresso em um caderno de maior tamanho. Eu compraria.",Product,,Good,,
Gostei do produto muito chic!,Product,,Good,,
"Uso em luz alta. Aí é top. A baixa é H11, aí pra baixa minha avaliação não é tão boa.",Product,,Good,Bad,
"Sim, como eu queria..",Product,,Good,,
Ainda não recebi do produto,,Store,Bad,,
"Firme, bonito e anatômico. Sem contras!",Product,,Good,,
"Nada do que esperei, decepcionante!",Product,,Bad,,
PREÇO MUITO ALTO PELO PRODUTO,Product,Store,Bad,,
Por erro meu nao observei direto e os coracoes vieram menores,,,Neutral,,
"É bom, mas achei que era melhor :|",Product,,Good,Bad,
Bonito,Product,,Good,,
"Não recebi o produto, portanto não posso dar opinião.",,Store,Bad,,
"A marca é excelente. Já comprei calça,  jaqueta e botas. Eu recomendo à  todos. ",Product,,Good,,
"Produto muito bom. Mas, sua textura é pegajosa, dá sensação de pele melecada.",Product,,Good,Bad,
Lindo veio do jeito que eu pedi tudo certinho obrigado,Product,Store,Good,,
"otimo, boa qualidade
e um excelente atendimento",Product,Store,Good,,
Gostei dos produtos comprados e pela agilidade da entrega.,Product,Store,Good,,
"Amei esse top material grosso de qualidade, veste muito bem , tudo de bom@",Product,,Good,,
escolhi essa nota porque é a máxima realmente um produto excelente ,Product,,Good,,
Bem gostoso.,Product,,Good,,
EU ADOREI POIS AS FRAGRÂNCIAS DOCES SÃO MINHAS PREFERIDAS.,Product,,Good,,
Poderia durar mais tempo.,Product,,Bad,,
Um produto de excelente qualidade!,Product,,Good,,
"Poderia ser todo fechado, com fecho ",Product,,Good,,
"muito surpreso com a opcao do brinde.
estou tentando fazer boas compras mais o estoque ta sempre faltando mercadoria e assim sou obrigado a comprar na kabum. Monto computadores e necessito de tudo numa loja so ",,Store,Bad,,
"otimo,gostei muito do produto, pena que faz um barulho no quarto",Product,,Good,Bad,
"Atendeu  parcialmente minhas expectativas, e será usado em outro projeto Pretendo adquirir outros imas mais fortes oportunamente.",Product,,Good,,
"Pois bem.
Minha ideia era usar o conversor para ligar um PS3 em um monitor. Liguei o PS3, um receptor de tv digital e um bluray com o adaptador e utilizei no monitor e na TV pela entrada VGA. Em todos os casos há perda de sinal. A imagem fica sumindo e voltando. A imagem também fica com um aspecto de problema de freqüência, passando uma listras escuras de baixo para cima.
Instalei outro conversor emprestado por um amigo, um pouco mais robusto e funcionou tudo perfeitamente.
O comprado funcionou MUITO BEM ligado apenas no computador. Liguei na saída HDMI da placa de vídeo e no mesmo monitor. Funcionou perfeitamente. Talvez a melhor aplicação do equipamento seja em desktops ou notebooks.",Product,,Good,Bad,Experience
Achei o produto perfeito pois minha festa sera da pequena sereia otimo pra colocar junto com o convite,Product,,Good,,
"Muito transparente, apesar de ter uma cor bonita quando vesti ficou mostrando muito",Product,,Bad,,
Linda viseira. Fica irada no capacete.,Product,,Good,,
"simples achei que viria com os lapis, nao recomendo.",Product,,Bad,,
Lindo e ótima qualidade,Product,,Good,,
Perfeito.,Product,,Good,,
Estou satisfeito com os toners compatíveis da PrintLoja pois correspondem as expectativas e o custo benefício é o melhor do mercado!,Product,,Good,,
Pela facilidade de  uso ,Product,,Good,,
"Meu cabelo ficou mega sedoso e macio. Hidratação na medida certa, amo os produtos desta linha.",Product,,Good,,
"Fiquei muito satisfeita com o produto!! Ótima qualidade!! Comprei no ""escuro"" e não me arrependi em nada. Ameiii!!! Parabéns!! Super indico.",Product,,Good,,
O produto chegou 100% voces estao de parabens!!,,Store,Good,,
Sapato extremamente confortável,Product,,Good,,
Otimo,Product,,Good,,
Veste mto bem! Tecido mto bom,Product,,Good,,
"O produto é tudo que diz ser, e chegou em 3 dias",Product,Store,Good,,
Atendeu as expectativas,Product,,Good,,
Excelente! Recomendo a todos!!! Produto de ótima qualidade e entrega feita no prazo.,Product,Store,Good,,
"perfume fraquissimo,fixação de um segundo e sem nenhuma fragrância,parece até falsificado =((",Product,,Bad,,
"Sempre uso, site com bom preço ",Product,Store,Good,,
Eu. Achei o. Produto excelente ,Product,,Good,,
"Muito bom, pincel de facil aplicação",Product,,Good,,
Atendeu ao que eu esperava.,Product,,Good,,
"Achei a blusa boa e bonita, conforme estava procurando para usar em uma determinada ocasião.",Product,,Good,,
"Estou adorando essa linha da Ikove. O shampoo e o condicionador modificaram a textura do meu cabelo logo no primeiro uso. Estão mais domados, protegidos, macios e luminosos. ",Product,,Good,Experience,
"Perfeita, super amei, de ótima qualidade",Product,,Good,,
excelente produto. pretendo comprar mais,Product,,Good,,
"ótimoooo, adoreiiii tudo o produto o atendimento e a entrega foi rápido.

Eu recomendo!",Product,Store,Good,,
"Material muito fino, não firma, não consegui usar para malhar",Product,,Bad,,
Excelente e confortável ,Product,,Good,,
Meus gatos amaram e eu tb... estou super feliz!!!,Product,,Good,,
Melhor compra na internet... entegra rápida... ótimo  protudo e atendimento..,Product,Store,Good,,
"Ótima cobertura, confortável no lábios e cheiro agradável.",Product,,Good,,
muito bom o produto e a entrega,Product,Store,Good,,
produtos de boa qualidade !,Product,,Good,,
"Recomendo, produto de boa qualidade",Product,,Good,,
"otimo, como sempre né, afinal é cadiveu",Product,,Good,,
Chegou no prazo e em perfeitas condições e super bem embalado,Product,Store,Good,,
"o produto é muito bom!
",Product,,Good,,
Ótima pigmentação. Cor linda!!!,Product,,Good,,
perfeito.,Product,,Good,,
OTIMA,Product,,Good,,
"excelente produto, gostei muito, recomendo",Product,,Good,,
Perfeito,Product,,Good,,
Sempre usei relógios Timex.,Product,,Good,,
"Ótima colonia, adorei, boa mesmo!",Product,,Good,,
Produto bom que atende minhas necessidades.,Product,,Good,,
Nota 10 no produto e  na entrega,Product,Store,Good,,
o produto é bom porém é um pouco oleoso,Product,Store,Good,Bad,
Indicação loja muito boa parabéns,,Store,Good,,
Produto aparentemente bom.,Product,,Good,,
"Excelente, produto vem lacrado e tem um efeito ótimo! ",Product,,Good,,
Achei o produto de boa qualidade.,Product,,Good,,
Achei muito criativo e de bom gosto.,Product,,Good,,
Muito bom e entrega rápida. Recomendo!!,Product,Store,Good,,
"Muito confortável, leve, recomendo",Product,,Good,,
"Excelente produto
Recomendo",Product,,Good,,
Ele é excelente para jogar em grupo e suas peças e cartas tem uma qualidade muito boa.,Product,,Good,,
"O produto é excelente, pois é original da Brastemp.",Product,,Good,,
Excelente! Super recomendo!,Product,,Good,,
Caimento maravilhoso e corte impecável!,Product,,Good,,
Ele é excelente! Veste muito bem!,Product,,Good,,
Maravilhoso,Product,,Good,,
otimo produto e otimo vendedor,Product,,Good,,
muito bom os preços dos jogos,,Store,Good,,
Pulseira ousada e estilosa. Bem legal o produto,Product,Store,Good,,
Muito bom bem forte igual eu queria,Product,,Good,,
"O movel é muito bom, tem qualidade. Vale a pena!",Product,,Good,,
Nao vivo mais sem. Um sache eu uso 2x pois vem uma boa quatidade e eespalhs bem na pele.,Product,,Good,,
O acabamento de uma das peças não estava legal. A mulher maravilha estava com cola aparente.,Product,,Bad,,
"Restaura gostosa, cor discreta e valoriza as curvas charmosas do aparelho.",Product,,Good,,
Produto excelente.,Product,,Good,,
Produto de acordo com o especificado.,Product,,Good,,
"muito boa, ótimo caimento. linda.",Product,,Good,,
Muito legal a estampa e a camiseta é de boa qualidade. Recomendo.,Product,,Good,,
Rapido e seguro!!,Product,,Good,,
O Vestido é maravilhoso e todo mundo gostou e elogiou,Product,,Good,,
"Sim, gostei muito, pela variedade de produtos em um so.",Product,,Good,,
"Gostei muito, primeira vez que uso. Firme, não oleoso e com excelente rendimento.",Product,,Good,,
"preço excelente, otimo para carregar sempre no carro",Product,,Good,,
"Adorei, caimento perfeito. Há 20 anos sou apaixonada pela TVZ que está sempre inovando. ",Product,,Good,,
Gostei só o porta espelho deveria ser como a da outra frasqueira.,Product,,Good,,
Fiquei com impressão que é falsificado.,Product,,Bad,,
Muito bom livro super recomendo!!!,Product,,Good,,
"Produto muito bom, foi além do que esperava, entrega antes do prazo combinado.",Product,Store,Good,,
"pq ela é maravilhosa
não gruda nada
é perfeita
amei ",Product,,Good,,
Fixa sem pesar os fios mais rebeldes. Ótimo para penteados elaborados que devem durar o dia inteiro. ,Product,,Good,,
"Ainda não posso dizer que é ótimo mas recomendo o produto sim . Faz uma semana que estou usando, deixa a pele bem lisinha e o efeito tensor é imediato, tem cheiro suave e agradável. ",Product,,Good,,
"Tampa maior que o espaço, tive que cortar o carpete, lixar a tampar e colar novamente.",Product,,Bad,,
"Eu amei a entrega! Foi rápida, produto exaram te que eu pedi e uma graca de embalagem com um docinho junto! Hummm! Vcs são incríveis !!!!",,Store,Good,,
Alta Qualidade! ótimo acabamento RECOMENDADO,Product,,Good,,
"Produto perfeito ,tamanho ideal !!!",Product,,Good,,
produto completo com toda proteina que preciso,Product,,Good,,
Minja esposa gostou do produto. Fixa razoavelmente bem. Otima fragrância e entrega da loja foi muito rapida,Product,Store,Good,,
"a qualidade poderia ser um pouquinho melhor, mas pelo preço, justifica",Product,,Good,,
estou colocando para meus peixes e eles estao adorando,Product,,Good,,
Minha filha ama esse perfume. Sempre que posso compro para ela.,Product,,Good,,
"Amei a fragancia!!!!
Perfume leve,suave e intenso!!!",Product,,Good,,
"Bom preco, perfume agradavel,nao provoca alergia nos caes",Product,,Good,,
òtimas ,Product,,Good,,
Poderia ter um pouco mais de acabamento,Product,,Bad,,
"10!!! tudo muito bom!!!
estão de parabéns!!!",Product,,Good,,
"legal, bom recomendo",Product,,Good,,
Prático e eficiente. Recomendo. ,Product,,Good,,
"Otimo chego muito rápido io produto e muito bam 











..
.",Product,Store,Good,,
"Bom tecido, só achei um pouco mais larga do que o normal. ",Product,,Good,Bad,
Precisa melhorar o perfume.,Product,,Bad,,
Gostei de toda esta linha. Funciona como na descrição do produto. Amei...,Product,,Good,,
Otimo material.,Product,,Good,,
perfeito,Product,,Good,,
"Adorei essa colher,uso muito.",Product,,Good,,
"Produto de ótima qualidade, recomendo.",Product,,Good,,
Maravilhoso! Sofisticado e excelente durabilidade.,Product,,Good,,
Excelente. Jogo bem divertido  pena ser curto. ,Product,,Good,Bad,
pq tive um problema com o alarme e resolvi diretamente com a Olimpus.,,Store,Good,,
Linda!,Product,,Good,,
otimo produto,Product,,Good,,
"Ótimo aroma com uma boa projeção, mas a fixação na minha pele não foi tão tão prolongada quanto eu esperava. Mas mesmo assim gostei bastante do perfume.",Product,,Good,,
"Muito bom,gostei muito do produto e muito confortável...",Product,,Good,,
"produto fraco, material ruim, pensei q fosse um material de melhor qualidade",Product,,Bad,,
Darei novamente. Com um pé atrás pelos boatos sobre este porém nunca tive problemas,,,Neutral,,
Linda de excelente qualidade. Recomendo,Product,,Good,,
"ótimo produto , estou muito satisfeito",Product,,Good,,
Otima,Product,,Good,,
"Ele é ótimo, adocicado na medida, do jeito que eu gosto, tem uma fixação boa. E o Boticário como sempre entrega tudo certinho.",Product,Store,Good,,
"Pessoalmente mais lindo ainda, coloquei na cabeceira da minha cama ficou um Arraso, me deu um pouco de trabalho mas foi porque minha parece tem umas bolhinhas mas ficou Lindisso, Coloquei uns que vieram na cozinha e a aplicação foi facil e rapido ",Product,,Good,,
Bom atendimento e entrega antes do prazo previsto,Product,Store,Good,,
Ótimo produto. ,Product,,Good,,
"Uma delicia, perfumada suave, deixa o corpo cheiroso adoravel simplesmente amei",Product,,Good,,
Ótimo produto !!!,Product,,Good,,
"Escolhi porque o encaixe da buzina não encaixa totalmente no volante ficando com uma pequena folga , mas de resto o volante e excelente, com uma pegada boa e o design muito bonito.",Product,,Good,Bad,
"Produto muito bom, chegou antes do prazo de entrega estipulado pela loja... enfim, recomendo essa loja.",Product,Store,Good,,
Nota 10. Chegou rápido e bem embalado. Produto excelente ,Product,Store,Good,,
Mto bom,Product,,Good,,
"Perfeita, qualidade sensacional. Adorei a cor.",Product,,Good,,
bom,Product,,Good,,
"Estou começando a usa-la. É boa, mas a original do sepap era melhor. Infelizmente não fabricam mais.",Product,,Good,,
"recomendo.
estou satisfeito com os produtos.",Product,,Good,,
Show de bola produtos otimos e entrwga perfeita,Product,Store,Good,,
não vale a pena comprar na honey be ,,Store,Bad,,
"Não deixa o cabelo engordurado, define os cachos e mantém a hidratação desde que o cabelo esteja já hidratado. Se ele for/estiver muito seco, acaba não sendo uma boa opção.",Product,,Good,,
Bem bacana. Tecido não amassa muito,Product,,Good,,
"É um livro que contempla um assunto prático para a vida diaria da Igreja de Cristo, e ainda, com uma linguagem de fácil assimilação. Para isso, o autor do livro, inteligentemente, nos esclarece sobre os conflitos no campo espiritual, e logo no, primeiro capítulo (p 7) relata: "" Podemos dizer que a guerra começa no interior do homem"". Trata-se de guerra espiritual, daquela militância entre a carne (natureza humana) e o espírito próprio do homem. É recompensador espiritualmente ler este livro.",Product,,Good,,
Só não dou nota máxima porque não vem com a válvula spray...,Product,,Good,Bad,
"Dentro do previsto, atendendo as necessidades!",Product,,Good,,
"comprei o produto e não o recebi até presente data, desde o inicio de Janeiro, erro de logistica da empresa que mandou o meu produto para outro cliente. ",,Store,Bad,,
ÓTIMO,Product,,Good,,
Aparelho que é satisfatório em tudo que necessito,Product,,Good,,
o pneu goodyear é mais macio e mais confortável para uso hurbano ,Product,,Good,,
"Material de primeira, veste super bem. Muito linda!",Product,,Good,,
Produto excelente e entrega muito rapida. ,Product,Store,Good,,
"Muito bom os produtos!
A bolsinha é linda",Product,,Good,,
Cheiro maravilhoso ... deixa o cabelo macio e sedoso.,Product,,Good,,
"Comprei várias obras em conjunto
Compra recente
ainda não li.
Mas tenho a certeza de que será uma excelente leitura.",Product,,Good,,
"Maravilhosa! Sinceramente, mais bonita do que está na foto! ",Product,,Good,,
Linda....entrega perfeita... só faltou o sache do perfume da loja.,Product,Store,Good,,
"dentro das expectativas propostas!
",Product,,Good,,
"Sabonete com um cheiro ótimo, sensual e delicioso",Product,,Good,,
Eu achei que e um otimo celular.,Product,,Good,,
Bonita funcional congelador de bom tamanho e apresentavel,Product,,Good,,
Ótimo!!!,Product,,Good,,
Amo! cheiroso recomendo a quem gosta como eu  :)  !!,Product,,Good,,
Perfeito para contornar. ,Product,,Good,,
"Gostei e estava mais barato, de 1,350 para 500,00. ABORRECEDOR foi ver na semana seguinte ele a 300,0o. Quando comprei disseram que era Black Friday, depois abaixou o preço denovo....",Product,Store,Good,Bad,
"Muito bom, atendeu as expectativas",Product,,Good,,
imagens perfeitas bem como otimas respostas aos comandos.fiquei satisfeito com esse produto.,Product,,Good,,
"Tecido grosso, porém achei um pouco armada demais. A estampa é bonita e moderna.",Product,,Good,,
"Excelente! Atendeu minhas expectativas, em especial, condição em que precisava desligar uma das portas USB.",Product,,Good,,
"Parabéns a empresa Fiero, atendimento nota 10. A bota é bonita, aquece os pés e é confortável. O sistema anti-impacto é maravilhoso. Sou muito exigente com calçados, pois tenho problema de lesões repetitivas no tornozelo, mas essa bota é incrível! Comprei o número 37, mas ficou grande, então solicitei a troca. Deu tudo certo!",Product,Store,Good,,
"Ótimo produto, veste super bem! A entrega foi como prevista!! Adorei!",Product,Store,Good,,
amei muito lindo ainda nao estalei mais superou minhas expectativas....,Product,,Good,,
Sem defeitos de fabrica. Viável o produto.,Product,,Good,,
Porque era o que eu esperava.,Product,,Good,,
pratico eficiente,Product,,Good,,
A bolsa é linda!!!,Product,,Good,,
Excelente produto realmente hidrata a pele do rosto e ainda fica super protegida,Product,,Good,,
Pelo preço e a facilidade em entrar no site e escolher o produto. ,Product,Store,Good,,
Linda e com ótimo caimento.,Product,,Good,,
Produto ótimo e de alta-qualidade... para quem não gosta de vetoinha este tem...,Product,,Good,,
"Produto de boa qualidade, metálico bem sútil, cada um mais lindo que o outro.",Product,,Good,,
"DESDE QUE CONHECI ESSA MARCA (O BOTICÁRIO) NÃO CONSIGO USAR OUTRA, AMO  AS LINHAS...MENOS AS DOCES...
SATISFEITA E GRATA",Product,,Good,,
"Excelente qualidade! Resiste à lavagem, fácil de aplicar , além de ser super bonito!",Product,,Good,,
O produto é lindo...e a loja entrega super rápido.!,Product,Store,Good,,
"Um ótimo investimento, excelente !",Product,,Good,,
"Perfeito, amei, rapidez e ótima resolução",Product,,Good,,
"é um produto bom, sem qualquer luxo pois não é o caso, apenas estranhei pois queria adquirir mais unidades (de cores variadas) e o site só aceitava 1 unidade de cada cor. Como a compra era para meu uso pessoal,não entedi muito bem, mas estou satisfeita com tudo que comprei, como sempre acontece com a CATRAN, loja com ótimo atendimento e seriedade. Abçs e obrigada.",Product,Store,Good,,
Camisa de excelente Qualidade.,Product,,Good,,
"Nao tive o resultado esperado,porem o o cebelo fica gostoso,talves nao deu certo para o meu",Product,,Good,Bad,
"ÓTIMO, EU USO JA HA BASTANTE TEMPO E APROVO.",Product,,Good,,
"muito bom produto, como todos ue até agora tenho comprado da doctor shoes.",Product,,Good,,
Ainda não usei! Mas eu comprei recentemente uma blusa ampla amarela que descosturou toda ,,,Neutral,,
Produtos maravilhosos!!!  Excelente pigmentação. O batom tem uma fragrância deliciosa!! O iluminador é lindo!!,Product,,Good,,
"Ótimo também, igual a colônia todos gostam, e com promoção melhor ainda.",Product,,Good,,
linda aquarela e bom preço também,Product,,Good,,
Achei um pouco grosso os recortes mas gostei.,Product,,Good,Bad,
foi entregue no prazo combinado.muito bom,Product,Store,Good,,
"Sim, a capa de chuva é muito boa, tem caimento perfeito e não entra água o produto é muito bem avaliado e com grande durabilidade exceto se cair de moto. ",Product,,Good,,
O produto é excelente!,Product,,Good,,
"Eh uma inovação em geladeiras, to apaixonada.",Product,,Good,,
delicado e marcante. amei,Product,,Good,,
"Porque esse produto funciona... tem anos que eu faço uso dele e deu certo...


Um abraço, obrigada",Product,,Good,,
Produto com arranhado  com características de uso.,,Store,Bad,,
Bom tecido. Veste super bem.,Product,,Good,,
Ok,Product,,Good,,
Produto chegou certinho. Funcionando normalmente.,,Store,Good,,
Superou minhas expectarivas. Muito bom,Product,,Good,,
Produto muito bom. Otima qualidade. ,Product,,Good,,
Site confiável  e produto bom.,Product,Store,Good,,
"Produto bom, mas não achei a lampada tão branca.",Product,,Good,Bad,
"O processador não funciona, veio com defeito e até o momento não trocaram o produto. Hoje não indicaria a EFACIL para meus amigos. ",,Store,Bad,,
"O produto funciona bem; tem um cheiro um pouco forte mais nada diferente dos que eu já usei; e a entrega foi rápida.Recomendo""!!!",Product,Store,Good,,
"entrega rapida produto excelente, adorei.",Product,Store,Good,,
Ele é MARAVILHOSO!!! Já usei MUITO!!!,Product,,Good,,
"gostei
",Product,,Good,,
"Linda, ótimo material e cabe tudo <3",Product,,Good,,
qualidade do material muito inferior,Product,,Bad,,
para enxoval de casamento.,,,Neutral,,
Muito bom. Recomendo o produto à todos!,Product,,Good,,
"Por que comprei e usei e gostei muito do resultado, ele esta deixando o meu cabelo menos volumoso e mais macio e sedoso. Recomendo o uso, ele realmente cumpre o que promete no rotolo. Amei",Product,,Good,,
"Todos os gabaritos são ótimos, vale a pena ter o kit. Recomendo. ",Product,,Good,,
a tabua é bem moderna e pratica,Product,,Good,,
Otimo produto!  Mas o custo ainda é elevado. ,Product,Store,Good,Bad,
Estou satisfeito com o produto,Product,,Good,,
"Ótimo perfume, podem comprar sem medo!",Product,,Good,,
Qualidade e preço.,Product,Store,Good,,
"Adorei,malha muito gostosa e leve,recomendo.",Product,,Good,,
Muito lindo porém não muito resistent. ,Product,,Good,Bad,
"Eu achei linda, confortável... Adorei",Product,,Good,,
"BOM DIA NA REALIDADE AINDA NÃO EXPERIMENTEI,COMPREI PORQUE TIVE BOAS RECOMENDAÇÕES",Product,,Good,,
Atendeu totalmente as expectativas !!!,Product,,Good,,
"Xenon muito bom , otimo foco clareia bastante so que ele é roxo rosado",Product,,Good,,
Camisa muito boa impressão de otima qualidade.,Product,,Good,,
"Produto de qualidade.
corresponde ao descrito no site.",Product,,Good,,
Procurei em varias lojas e não encontrei.Encontrei na Grafitti e o preço foi bom.,,Store,Good,,
"Material de boa qualidade, veio com um arranhão profundo no fundo da urna, mas nada que tire a qualidade e beleza do produto.",Product,Store,Good,Bad,
PERFEITO.ENTREGA RÁPIDO. CAMISARIAA COLOMBO SEMPRE INOVANDO,Product,Store,Good,,
Superou minhas expectativas....,Product,,Good,,
Ótimo de grande importância .,Product,,Good,,
veio com defeito e eu to esperando a troca.,,Store,Bad,,
Minha esposa adorou o modelo e material.,Product,,Good,,
os produtos de otima qualidade,Product,,Good,,
"Porque é um produto que já uso ha muito tempo, e realmente é de ótima qualidade e de uma durabilidade incrivél.",Product,,Good,,
"ADOREI O MODELO DA BLLUSA, MAS QUERIA MAIS OPÇÕES GG",Product,,Good,,
"Produto muito bom, fácil de instalar, porém o acabamento da solda deixa a desejar.",Product,,Good,Bad,
"Ótimo produto, recomendo !!!",Product,,Good,,
Acabamento muito bom,Product,,Good,,
"Muito bom, atendeu minha espectativa !!",Product,,Good,,
"Produto de excelente qualidade!
Entrega rápida!
Embalagem intacta!
",Product,Store,Good,,
Otimo top,Product,,Good,,
"ótimo design, prático, fácil de combinar com tudo",Product,,Good,,
"Produto de ótima qualidade, entrega feita antes do prazo , muito bom !",Product,Store,Good,,
"Ótimo!!fácil instalação, bom custo beneficio.",Product,,Good,,
ótimo,Product,,Good,,
Ótimo produto e com ótima praticidade ,Product,,Good,,
Gostei muito,Product,,Good,,
"òtima compra,tudo como anunciado ,recomendo",Product,,Good,,
O produto não veio embalado como deveria (dentro de um saco plástico).,,Store,Bad,,
"Eu avaliaria se tivesse recebido o produto,  comprei no dia 11/03 e até hoje 28/03, não recebi o produto! Detalhe o pagamento foi feito por boleto,  ou seja,  já receberam o dinheiro e não enviaram o produto! ",,Store,Bad,,
ótimo produto.,Product,,Good,,
"Discreto, porém com fragrancia suave e encantadora. Amei!",Product,,Good,,
"ótimo produto, entrega no prazo, recomendo farei proxima compras concerteza",Product,Store,Good,,
"Maravilhoso,nao tenho outra palavra para descrever,perfeito.",Product,,Good,,
"Gostei muito ficou super elegante!
Recomendo",Product,,Good,,
Achei Divino,Product,,Good,,
Ima forte e bacana pra organizar as facas.,Product,,Good,,
Tudo certo.. produto OK.. ,Product,,Good,,
"Linda!! O tecido é com strech, veste muito bem...perfeita ",Product,,Good,,
"O Vasinho é lindo, veio muito bem embalado e a entrega é rápida.",Product,Store,Good,,
"Não gostei da combinação de cores, se a camisa fosse mesmo branca, ficaria bonita, mas ela é meio cinza.",Product,,Bad,,
Leve e aquece rápido ,Product,,Good,,
"É um perfume muito  bom,não tenho muito a falar. ..",Product,,Good,,
"Muito bom !!!
Mas e bem esport.",Product,,Good,,
muito boa minha compra,Product,,Good,,
atendeu exatamente a necessidade que eu tinha,Product,,Good,,
ótimo.,Product,,Good,,
"Qualidade do produto, atendimento e entrega supriram as expectativas. Eu indico!",Product,Store,Good,,
De ma qualidade,Product,,Bad,,
"Muito bom, consigo colocar mídias filtrantes nele, 3 tipos",Product,,Good,,
"Achei linda a polo, porém muito fina!",Product,,Good,Bad,
Custo x Benefício excelente,Product,,Good,,
"gostei, tive que somente fazer ajuste no ombro-No mais foi boa compra.",Product,,Good,,
TESTADO E APROVADO.,Product,,Good,,
Produto de Boa qualidade e que veste muito bem. ,Product,,Good,,
Muito bom qualidade boa nota 10 ,Product,,Good,,
Amor à primeira vista e paixão à primeira prova.,Product,,Good,,
"essa mascara é muito boa meu cabelo ficou super macio e muitoooo cheiroso, ficou um pouco pesado depois de 3 dias mais meu cabelo é muito olioso mesmo, só usei uma vez e já amei",Product,,Good,,
"Comprei para outra pessoa, não posso avaliar.",,,Neutral,,
"perfume bom, legl",Product,,Good,,
"Gostei da calça, mas a cor é muito diferente da cor da foto e a elasticidade pouca. Parece um tecido e não bandagem de verdade.",Product,,Good,Bad,
"Alta qualidade, acabamento perfeito: adorei!",Product,,Good,,
"Muito bonita, como na foto",Product,,Good,,
Excelente conteudo disposto de forma bem clara.,Product,,Good,,
excelente produto.Manter estoque variado.,Product,Store,Good,,
Nao é grande coisa. ,Product,,Bad,,
"Adorei, excelente pra vc fazer evangelho com crianças, lindos textos.",Product,,Good,,
"Eu amei, produto perfeito....",Product,,Good,,
"Bom, auxilia a conexao do computador a tv",Product,,Good,,
"Muito lindo e a malha e muito boa, amei!",Product,,Good,,
"Eu achei o produto, atendimento e a entrega excelente. Recomendo.",Product,Store,Good,,
O tecido é ótimo mas poderia ser mais fino.,Product,,Good,Bad,
bom,Product,,Good,,
Boa essa versão super filme que é possível tirar a máscara apenas com água quente. ,Product,,Good,,
Excelente produto e entrega rápida!! Muito bom!!!,Product,Store,Good,,
Linda a fruteira! Excelente qualidade. Adorei!!,Product,,Good,,
Pq realmente funciona!,Product,,Good,,
"produto muito bom, era realmente o que eu precisa!",Product,,Good,,
J J J J J ,,,Junk,,
O Produto É Muito Bom.,Product,,Good,,
"Adorei,deixa a pele macia e lisa.Fácil de passar e seca muito rápido.",Product,,Good,,
ótimo produto !!!,Product,,Good,,
"Demora na entrega. 
Demora na troca",,Store,Bad,,
"Gostei bastante das etiquetas para utensílios, porém, fiquei decepcionada com as para roupas. É necessário passar o ferro seco, meu ferro tem uma película protetora, o que faz a etiqueta grudar. Agora não conseguirei usar as etiquetas, não posso comprar outro ferro só para este fim. O problema é que preciso de etiquetas para colocar nas roupas da minha filha que mando pra escolinha. Vcs tem alguma solução pro meu problema?",Product,,Good,Bad,Experience
"Tenho todos os Cds Momento Espirita são excelentes, de muito ensinamento, e a Megalivros é 10. ",Product,Store,Good,,
ajuda muito nas vendas dos perfumes,Product,,Good,,
"perfume excelente,minha filha de 22 anos ama de paixão, eu recomendo.",Product,,Good,,
"Muito bom, de alta qualidade",Product,,Good,,
"Foi presente,mas fez muito sucesso!",Product,,Good,,
Esse perfume e delicioso,Product,,Good,,
"amei a calça, veste super bem, o tamanho ficou otimo, muito bem feita, costura reforçada e super confortavel para malhar, comprarei as outras cores!!!",Product,,Good,,
"O produto é bom, realmente alisa o cabelo. Fiquei satisfeita.",Product,,Good,,
"
Grande variedade e ótimo preço no black fridey",,Store,Good,,
"Ilumina muito, recomendo!",Product,,Good,,
Perfeitoooo. Eu amei. Ele é lindo e veste super bem. O preço ótimo,Product,Store,Good,,
"Foi bom, mas eu dimensionei mal. O produto é bom, o erro foi meu.",Product,,Good,,
Apertado e incômodo.,Product,,Bad,,
para trabalhar e porque quando vi ja gostei,Product,,Good,,
Pessimo suporte apos a compra,,Store,Bad,,
muito bom o produto,Product,,Good,,
Otimo veio muito rápido vendedor ,Product,Store,Good,,
"Gostei, mas percebi que o consumo de tinta na impressão é alto!!",Product,,Good,Bad,
O SUTIAN MACHUCA UM POUCO,Product,,Bad,,
muito bom mais da pra melhorar ainda mais confio no trabalho de vocês.,Product,,Good,,
"Funcionou nos devidos Galaxys anunciados
",Product,,Good,,
Produto  de boa qualidade recomendo,Product,,Good,,
Possui algumas pequenas falhas no acabamento,Product,,Bad,,
"uma graça, combinou com nossa gatinha",Product,,Good,,
"suave, fragancia agradavel",Product,,Good,,
Produto excelente . Entrega no prazo determinado . Estou muito satisfeito,Product,Store,Good,,
bermuda linda,Product,,Good,,
prático e o resultado é muito bom,Product,,Good,,
Lindo.. super delicado.,Product,,Good,,
Coloridas e sortidas! Adorei! ,Product,,Good,,
"EXCELENTE PRODUTO, ENTREGARAM ANTES DO PRAZO E CUMPREM O QUE PROMETEM,RECOMENDO MUUUUITO",Product,Store,Good,,
"Gostei muito do produto, diferente dos ralos convencionais Parabéns...
",Product,,Good,,
"Muito leve, frágil, a cor da pulseira é mais escura do que parece ser pelo site.",Product,,Bad,,
muito bom ok,Product,,Good,,
Otimo produto.,Product,,Good,,
"Otimo produto, recomendo a todos ",Product,,Good,,
"Bonito , confortável e atendeu minha necessidade e expectativa",Product,,Good,,
"eu achei muito bom vale o dinheiro
muito bom mesmo",Product,,Good,,
Resistente e modela muito o corpo.,Product,,Good,,
"pos e, ela nao modela meu cabelo como eu gostaria.",Product,,Bad,,
"Camisa muito boa, porém a manga ficou curta. Em 2015 comprei uma menor e a manga ficou ok!",Product,,Good,Bad,
"É lindo, como eu imaginei que fosse!",Pro,,Good,,
em estoque pedi varios palio,,Store,Neutral,,
"Eu gostei muito. 
Ótimo.
Confortável, leve, entrega rápida.",Product,Store,Good,,
o cheiro é muito bom mais não é aquele cheiro que chama atenção como malbec,Product,,Good,,
Um marrom bonito.,Product,,Good,,
ótimo produto proporcionando grande controle na pesagem de bagagem,Product,,Good,,
ótimo produto superou as expectativas,Product,,Good,,
"Abafador bonito, esquenta bem então a alça revestida ajuda e muito. Recomendo.",Product,,Good,,
"ótimo, adorei!!",Product,,Good,,
"Fraco, mas atende para pequenas limpezas.",Product,,Bad,,
"os tres ultimos cartuchos que comprei em 16/01/2017 vieram com defeito um pino na lateral do cartucho esta para fora e não encaixa e não sei como trocar os cartuchos , ja tive problemas com um cartucho anteriormente enviei no endereço da nota fiscal e o cartucho retornou pois não localizaram o endereço que consta na nota fiscal acho que vou reclamar pra a secretaria da fazenda afinal de contas é uma danfe",,Store,Bad,,
Muito bom pedido veio conforme o combinado,Product,Store,Good,,
Excelente o prazo de entrega,,Store,Good,,
amo este perfume sempre muito bom compra lo,Product,,Good,,
"Eu gostei do produto, estou contente com a compra",Product,,Good,,
Muito boa ,Product,,Good,,
"Uso com frequência, pena que quando adquiri o condicionador o shampoo estava em falta na promoção.",Product,Store,Neutral,,
"Otimo produto muito satisfeito 
",Product,,Good,,
Impressionante poder cozinhar sem óleo com o mesmo resultado! Sua saúde agradece! TOP!,Product,,Good,,
"Gostei muito do produto, é quente e correspondeu as minhas expectativas.",Product,,Good,,
Material bom e é tudo o que a loja prometeu,Product,,Good,,
Eu achei o produto bom. O acabamento poderia ser melhor. A parte da borda que tem os furinhos tem umas pontinhas... Não é perfeitamente liso e bem acabado. Mas a bandeja é bonita.,Product,,Good,Bad,
produto nota 10,Product,,Good,,
A entrega foi rápida e a qualidade do produto atendeu a expectativa.,Product,Store,Good,,
Otimo. Hidrata muito.,Product,,Good,,
bom custo benefício!  vale a compra ,Product,Store,Good,,
Produto maravilho e objeto de decoração! AMEI!,Product,,Good,,
"Achei ele um pouco fino, mas mesmo assim gostei bastante!",Product,,Good,Bad,
"Porque eu ja usei o produto e ele é otimo, ficou perfeito, adorei minha compra",Product,,Good,,
"Esse é perfeito, lindo, lindo...",Product,,Good,,
"Comprei para testar a luminosidade, e realmente atendeu as minhas expectativas. Excelente luminosidade chegando proxima a luz baixa.",Product,,Good,,
Muito bom o produto que adquiri.,Product,,Good,,
"Um charme, adorei, ficou lindo.",Product,,Good,,
"Linda coroa de plástico, fará sucesso!",Product,,Good,,
"Adorei, perfeito.",Product,,Good,,
otimo,Product,,Good,,
O produto atendeu as expectativas.,Product,,Good,,
"produto muito bonito, muito bom.
satisfeita",Product,,Good,,
"um produto que já conhecia e que considero excelente,nunca fiz compra pela internet mais achei maravilhoso.
Entrega super rápida.Estou querendo agora comprar perfumes.
Esperando uma promoção boa.kkkkk",Product,Store,Good,,
"ESTOU TOTALMENTE INSATISFEITO COM A COMPRA REALIZADA. AINDA NÃO RECEBI O PRODUTO. EQUIPE DE ATENDIMENTO DO CLUBE DO LAR É UMA EQUIPE TOTALMENTE DESPREPARADA E NÃO PRESTAM NENHUM AUXILIO AO CLIENTE. REALIZEI A COMPRA DO FILTRO E NEM INFORMAÇÃO DO ANDAMENTO DA COMPRA RECEBI. TIVE QUE FAZER VÁRIAS RECLAMAÇÕES NO SITE PARA PODER OBTER INFORMAÇÕES DA ENTREGA DO PRODUTO. DEPOIS DE MUITO CUSTO, OBTIVE RESPOSTA DO SR. MAURÍCIO PETINELLI INFORMANDO QUE MEU PEDIDO HAVIA SIDO DESPACHADO NO DIA 16/06 COM PRAZO DE ENTREGA DE 6 DIAS ÚTEIS. HOJE É DIA 25/06 E AINDA NÃO RECEBI O PRODUTO. ACABO DE ENVIAR OUTRO EMAIL AO SR MAURÍCIO INFORMANDO QUE SEU NÃO EU RECEBER AJUDA POR PARTES DA EQUIPE DO CLUBE DO LAR, ESTAREI CANCELANDO A COMPRA JUNTO AO CARTÃO.",,Store,Bad,Contention,
Usei após o condicionador e achei um bom produto.,Product,,Good,,
Achei muito comprida mandei cortar ,Product,,Bad,,
"Acompanho a trajetória do Renan Cerpe e outros cubers há alguns anos e eles me ensinaram a montar o cubo mágico. Comecei a colecionar cubos mágicos, bem como todos os quebra-cabeças de competição, os melhores do mundo, marcas famosas campeãs (dayan, Gan, Moyu e etc). Comprei o Fellow Cube Carbono honestamente sem esperanças que fosse um cubo que rivalizasse com estes, mas comprei para dar um apoio, sem expectativas. Qual não foi minha surpresa que é de fato um cubo absurdamente bom, muito melhor que eu imaginava, e por eu ser um principiante, achei que não deveu nada a nenhum outro que eu tenho. Parabéns, Cuber Brasil, parabéns Renan! com certeza comprarei outros!",Product,,Good,Experience,
Ele é muito gostoso mas é um pouco seco!,Product,,Good,Bad,
Presentiei minha esposa e ela gostou muito.,Product,,Good,,
"não recebi ainda, era pra ser dia 19/12 e hoje já é dia 24/12 e nada.",,Store,Bad,,
"Envio no prazo, desconto considerável.",,Store,Good,,
"Gostei..cheirinho bem suave e docinho sem se enjoadinho...mas a fixação,  pelo mesmo na minha pele, não ficou muito tempo...A época está de parabéns, entrega perfeita, embalagem muito apropriada. ..Parabéns época,  ganhou um cliente cativo...Vou contar p minhas amigas.",Product,Store,Good,,
muito bom,Product,,Good,,
Eu achei o produto lindo...,Product,,Good,,
Só vi bantagens nesse produto! Primeira de luxo!,Product,,Good,,
Produto de boa qualidade,Product,,Good,,
Uso o Intrakera há muito tempo. Meu cabelo é fino e tem as pontas secas e ele ajuda a hidratar sem pesar. É o melhor Leaving que já utilizei. Não fico sem!,Product,,Good,,
Eu achei Bom.,Product,,Good,,
Otimo,Product,,Good,,
Prodoto chegou rapido ainda nao instalei mas esta tudo beleza,,Store,Good,,
"Produto Excelente! Recomendo!
Ótima qualidade!",Product,,Good,,
A minha namorada adorou o charm. É muito bem feito e muito bonito.,Product,,Good,,
"Sim, otimo amplificador pois na minha opnião
taramps e ideal para tudo eu estou usando. o meu para tocar os tweeter, perfeitos.",Product,,Good,,
Bom,Product,,Good,,
"Confortavel, macio na estrada e na cidade, silencioso e segura nas curvas",Product,,Good,,
"Excelente, lindo, acabamento 100%. Recomendo!",Product,,Good,,
"Adorei o produto! Como tenho urticária por compressão, sempre fico com vermelhidão na região dos elásticos, então resolvi testar calcinhas sem costura e deram super certo! Obrigada",Product,,Good,,
"excelente produto,qualidade e beleza",Product,,Good,,
"Material muito bom, ótima combina com quase tudo que eu tenho",Product,,Good,,
Dei de presente á minha amiga cacheada,Product,,Neutral,,
Bebida adstringente ! não condiz com as informações da embalagem.,Product,,Bad,,
Excelente jogo. ,Product,,Good,,
"Otimo, atendeu todas as expectativas.",Product,,Good,,
"Otimo,muito bom,me sentindo perfumado",Product,,Good,,
"Bonito, couroais firme, mas achei o decote muito fechado para o meu gosto.",Product,,Good,,
Porque é muito cheiroso e cumpre o que promete,Product,,Good,,
"Bom perfume! Notado pelas pessoas.
Tem que ter cautela para usar, principalmente no ambiente de trabalho.
Tem uma fixação e projeção muito boa, não tenho do que reclamar. Excelente custo beneféicio.",Product,Store,Good,,
Ficou lindo na minha pequena,Product,,Good,,
Comprei para revenda...,,,Neutral,,
"Eu prefiro o modelo antigo, não me refiro ao funcionamento da máquina e sim ao design, os botões de manuseio eram mais acessíveis.",Product,,Bad,,
"Produto ótimo! Limpa e hidrata, bom tambem para remover a maquiagem.",Prod,,Good,,
Se o produto q recebi funcionasse... ,,Store,Bad,,
Otimo,Product,,Good,,
Entregou mo prazo e o produto chegou direitinho,,Store,Good,,
"Adorei, deixo uma em casa e outra na bolsa pata ter sempre a mão.",Product,,Good,,
"SUCESSO,  CLAREIA COMO O DIA, FACIL INSTALAÇÃO.",Product,,Good,,
"Achei frágil!!!!é bonito, mas esperava q fosse melhor",Product,,Bad,Good,
"Muito bonito,recomendo.",Product,,Good,,
A cor é muito linda e tem uma boa pigmentação.,Product,,Good,,
Ótima qualidade esse produto,Product,,Good,,
Autofalante do viva voz é ruim e muito baixo. Poucas opções configuraveis. Fica piscando uma luz maldita quando perde ligações e não dá para configurar.,Product,,Bad,,
ótimo,Product,,Good,,
Lindo! e de qualidade.,Product,,Good,,
Gostei da entrega o produto é de boa qualidade e a embalagem era segura,Product,,Good,,
"Apontador lindo, super prático, aponta rapidinho, adorei.",Product,,Good,,
"nao recebi esse produto ainda tao me roubando 
",,Store,Bad,,
Ótimo!!!!,Product,,Good,,
"Bom, mas não tem muita potencia",Product,,Good,,
Loja ultrarapida na entrega e o produto excelente.,Product,Store,Good,,
Excelente produto e entrega rapida,Product,Store,Good,,
"Escolhi essa peça para o meu lavabo. Belíssima, estou muito satisfeita com as compras que fiz, pela qualidade dos produtos, preços, atendimento, entrega, sem falar no acabamento que é nota 1000. Muito obrigada por tudo. Amei!",Product,Store,Good,,
"O produto é muito bom, ótimo e fácil de aplicar... recomendo a compra com certeza vou comprar novamente.
",Product,,Good,,
Produto de excelente qualidade. Entrega rapida. Recomendo.,Product,Store,Good,,
"EXCELENTE PNEU! Comprei após pesquisar muito um pneu custo x benefício e que ficasse legal nas rodas 17 do meu Astra. Tem um desenho legal na banda e umas letrinhas que se destaca bem ao passar um pretinho. ..muito tesão!! Não é barulhento e tem protetor de borda, eu nem tinha percebido ! Obviamente protege bem o aro pq não deixa raspar no meio fio ao estacionar... Se vc tem alguma dúvida, compre de olhos fechados..todo mundo que ve meu carro não acredita que paguei 239,00 cada ! O borracheiro falou muito bem da marca... enfim, é muito gratificante vc fazer uma compra e acertar na mosca e ainda receber elogios. Quanto a entrega, prazo etc... a loja não fez mais que a obrigação que é cumprir os prazos cfe reza a lei do consumidor ! Comprarei mais vezes que precisar este pneu ! Essas informações é q realmente são úteis de ler ! Abcs Alex",Product,Store,Good,Experience,Excellent
Adorei o produto! As maos ficam sedosas!,Product,,Good,,
Ado,,,,Junk,
"Gostei sim, só não dei nota máxima porque um dos carregadores brio com defeito",Product,Store,Good,Bad,
"muito eficiente,mais axo q deveria vir com a moldura cromada,mais sobre o produto e muito bom. muito satisfeito. ",Product,,Good,,
Através do insta achei a Unique.,,,,,
Excelente ,Product,,Good,,
"Nenhum problema, ótima compra, eu gostei.",Product,,Good,,
Excelente,Product,,Good,,
"Lindo, moderno e super confortável. Adorei!!",Product,,Good,,
Entrega rapida...super recomendo o site...a base e maravilhosa.,Product,Store,Good,,
"Ótima cafeteira! Prática e rápida, deixa o café ainda mais encorpado e gostoso! A entrega foi super rápida também! Recomendo! ",Product,Store,Good,,
"chegou com atraso",,Store,Bad
"Atrasou",,Store,Bad
"Ainda não recebi",,Store,Bad
"demorou muito a chegar",,Store,Bad
"problema com os correios",,Store,Bad
"Chegou quebrado",,Store,Bad
"ainda não analisei",,,Neutral
"Nada a declarar",,,Neutral
"Não chegou",,,Neutral
"Nada do produto ainda",,,Bad,