Texto,Label Sobre Prduto,Label Sobre Loja,Polaridade do review,,
Chegou antes do tempo prometido e como pedido!,Product,Store,Good,,
"Muito bom o produto estou satisfeito
Vou continuar comprando e recomendo a todos....
Em 04/05/2015 19:03, Trustvox <support@trustvox.com.br> escreveu:





 




 


Auditado por:



 





 

Olá Alexandre, tudo bem? O que achou deste produto? Compartilhe sua opinião, ela será publicada na página do produto e ajudará outras pessoas com certeza. :)
 

E lembre-se de que, quando for comprar novamente na loja, todas as opiniões publicadas lá são de clientes reais!





Por favor, não responda a esse e-mail, avalie abaixo.




 




 

Jogo de Tapetes Carpete Gol G1 82 a 95 Preto 5 Peças
 




 
 











 




Clique
 abaixo na nota de 1 a 5 que você dá ao produto:
 





PÉSSIMO  

 

OK 

 

ÓTIMO  



 










 

O objetivo deste e-mail é ouvir você para que a loja possa melhorar a cada compra,

mas se não quiser mais receber e-mails desta loja em
ag_bandera@hotmail.com,
clique aqui.
 ",Product,,Good,,
"é lindo, maravilhoso, charmoso e diferente.",Product,,Good,,
"O perfume é uma delícia, lembra um pouquinho o Glow, mas a fxação é fraca.",Product,,Bad,,
"Produto de excelente qualidade, recomendo.",Product,,Good,,
Vou experimentar!!!,Product,,Neutral,,
"Esta pulseira correspondeu às minhas expectativas. Bacana, mesmo.",Product,,Good,,
Qualidade excelente do produto!,Product,,Good,,
muito bom  e bonito.,Product,,Good,,
" gostei deu um charme na minha cozinha , muito bonito",Product,,Good,,
Produto fácil e de qualidade,Product,,Good,,
"Excelente produto. Recomendo, pois tenho cabelos cacheados e com mechas.",Product,,Good,,
Produto de ótima qualidade. A única falha é o kit não vir com lâmpadas.,Product,,Good,,
"Essa harpa é linda!!!
Amei o produto e a qualidade..
uma benção pra quem investir nela;",Product,,Excellent,,
O RELÓGIO É LINDO E DE QUALIDADE.,Product,,Good,,
"O bloco de mordida é muito grande para algumas situações, e não há como usar em dentes anteriores, ou seja, para endodontia, só em dentes posteriores o posicionador funciona, nos anteriores o paciente tem que segurar o posicionador com a mão.",Product,,Bad,,
Achei um vestido mais mocinha,Product,,Neutral,,
Gostei do produto. Bom preço e bom rendimento,Product,,Good,,
"O produto chegou muito rápido, todo o processo de instalação do produto foi muito bem explicado e não ocorreu nenhum problema com o produto!!! recomendo muito ,show",Product,Store,Good,,
"achei o tecido do vestido extremamente ruim, inclusive, apos a 1 lavagem, o mesmo apresentou diversos furinhos",Product,,Bad,,
"Boa qualidade bom preço entrega rápido
",Product,Store,Good,,
"Ótimo produto, lava muito bem e tira as manchas sem precisar lavar manualmente depois da lavagem, ótimo!!!",Product,,Good,,
Eu sempre usei lavadora Brastemp mas essa me agradou pelo preço e tamanho ,Product,Store,Good,,
sim,Product,,Neutral,,
Pq foi instalado e deu problema da uma msg e EC no ar depois de algum tempo de uso.,Product,,Bad,,
"Produto de excelente qualidade, entrega e atendimento super rápido!",Product,Store,Good,,
Era exatamente o que esperava,Product,,Good,,
um dos produtos nao esta funcionando o que coloca a pasta de dente não sai a pasta,Product,,Bad,,
COMPREI UM XENON DE 4300K VEIO UM DE 8000K SE EU QUISESSE O DE 8000 NAO TINHA COMPRADO O 4300. E AGORA.? SO PREJUISO PRA MIM NE PEDI O 4300 POR CAUSA DA POLICIA PRA NAO CHAMAR TANTA ATENÇAO AI ME VEM UM DE 8000 AGORA QUE Q EU FAÇO..,,Store,Bad,,
Muito bom o produto e o atendimento da loja é excelente.,Product,Store,Good,,
Gostei do produto. Cumpre o prometido,Product,,Good,,
"Ótima, eu Gostei. Bom produto. Indico.  
",Product,,Good,,
Tudo foi bem ok. Obrigado,Product,,Good,,
Bom,Product,,Neutral,,
lindo e otimo,Product,,Good,,
Produto de ótima qualidade,Product,,Good,,
Gostei do produto.,Product,,Good,,
Deliciaaaa,Product,,Good,,
Excelente produto!,Product,,Good,,
"o filtro é ótimo, só lamento não ter refil, acho um desperdício esta embalagem.",Product,,Good,,
Eu não tenho como avalia o produto. Até agora não recebe o produto. E meu dinheiro fica como,,Store,Bad,,
x,Product,,Neutral,,
Devido a minha pele ser muito sensível é difícil encontrar um produto que se adapte... E a Clinique é perfeita... Uso outros produtos da linha e adoro! ,Product,,Good,,
Informação da usuária minha esposa,Product,,Neutral,,
"Mochila bem resistente, de tamanho bom e confortável de usar. ",Product,,Good,,Experience
" 1 péssimo, não utilizei até hoje, ja mandei fotos para devolução e não obtive retorno coerente, aguardo um retorno..

Enviado do meu iPhone",Product,Store,Bad,,
"Produto excelente e, a entrega, perfeita. Loja 100% confiavel. Mandavam diariamente o rastreamento psta que eu acompanhasse e foi tudo perfeito.",Product,Store,Good,,Experience
"Muito bom, entrega super rapida e produto de qualidade!",Product,Store,Good,,
Produto original e prazo entrega exelente ,Product,Store,Good,,
Gostei bastante da cor e da qualidade do produto. ,Product,,Good,,
"Essa prancha é muito boa,alisa o cabelo rapidinho e não precisa ficar passando varias vezes.Aprovadíssima.",Product,,Good,,Experience
Sem comentários..divino,Product,,Good,,
Não tem fixação boa! Mas o cheirinho é ótimo!!,Product,,Bad,,
bom para os fins desejados,Product,,Good,,
"Eu ja conhecia, é um perfume a princípio que parece forte, mas em poucos minutos se transforma numa deliciosa fragrância.Na minha opinião é ótimo para usar durante o dia e em dias quentes.Excelente aderência. ",Product,,Good,,
eu achei o produto bom,Product,,Good,,
Recebi corretamente mto bom!,Product,Store,Good,,
"Após 22 dias esperando pelo produto, fiquei decepcionada quando vi o estado em que o recebi: manchado. Não achei possível que, ao embalar, não tivessem notado, pois as manchas estavam nítidas. ",Product,Store,Bad,,
produto conforme imagem,Product,,Good,,
"Perfeito para finalização. Deixa o cabelo hidratado e leve, sem muito frizz. Também é ótimo para CoWash.",Product,,Good,,
Super confortável e peço maravilhoso,Product,Store,Good,,
"Bom produto. Apanhei um pouco pra montar as alças internas, mas depois ficou muito bom! O óculos dá pra deixar ""guardado"" dentro do óculos, não atrapalha.",Product,,Good,,
Boa fixação a pele do paciente,Product,,Good,,
Com certeza!,Product,,Neutral,,
Muito bom! Facil instalação !,Product,,Good,,
"Não diminuiu a oleosidade da minha pele, mas ainda estou nas primeiras semanas. Um ponto bem positivo é ser bem seco e não ficar ""grudento"" no rosto.",Product,,Good,,
OK,Product,,Good,,
"A saia é muito bem feita e a cor é linda! Eu tenho 1.65 de altura, ficou um pouco mais comprida que na modelo, precisei fazer a barra. Mas tirando isso, ficou perfeita.",Product,,Bad,,
 cor linda de qualidade o produto.,Product,,Good,,
Pq superaram minhas expectativas.,Product,,Good,,
"Fofo, confortável! Ótimo para o dia a dia. O meu é branco e é um pouquinho transparente, mas com a roupa n dá para ver.",Product,,Good,,
"Excelente, lindo, visual gti, meu ap 1.6 ficou gato pra crlh",Product,,Offensive,,
Otimo produto,Product,,Good,,
gostei,Product,,Good,,
Amo essa loção !!!!!,Product,,Good,,
"A geladeira é do tamanho correto para o espaço destinado, funciona bem, bonita e de acordo com minhas expectativas.",Product,,Good,,
otimo produto preço muito bommmmmmm,Product,,Good,,
"maravilhoso, dá um brilho nos cabelos. Eu recomendo.",Product,,Good,,
Batera excelente.. otimo custo beneficio! vale a pena!!!,Product,,Good,,
"Gostei muito do tênis, o design e cor dele, embora achei um pouco pesado.",Product,,Bad,,
Aroma suave . Excelente para o dia. Discreto.,Product,,Good,,
Produto de ótima qualidade. Já tinha uma e comprei outra igual. ,Product,,Good,,
10 no meu humilde conceito,Product,,Good,,
É lindo e confortável. Exatamente o que eu esperava de um tênis para treino,Product,,Good,,
Eu gostei muito do produto. Tenho dois baixos fender american 4c sendo uma jb e outro pb. Este baixo da squier não perde para eles. Adorei o braço e o som vintage do instrumento. Eu recomendo.,Product,,Good,,
O ar condicionado é excelente. resfria muito bem um quarto ou uma sala de tamanho médio. Silencioso e potente.,Product,,Good,,
"Esse kit é  o meu queridinho. Amo essa linha toda a mascara de hidratação é  maravilhosa também. Não pode mais faltar essa linha da inoar na minha vida. O cabelo fica macio, hidratado e brilhando na hora. Amo!",Product,,Good,,
eu achei o produto bom,Product,,Good,,
eu adore!,Product,,Good,,
Gostei,Product,,Good,,
Muito bonito esse vestido. Gostei da estampa e da malha. Com o cinto então ficou lindo.,Product,,Good,,
"ÓTIMO PRODUTO, CHEGOU EM PERFEITO ESTADO E RÁPIDO ATENDEU AS EXPECTATIVAS",Product,Store,Good,,
"Produto muito bom, meu sofá ficou lindo, com um toque bem suave do tecido.",Product,,Good,,
Bonito e confortavel,Product,,Good,,
Perfeito,Product,,Good,,
"Excelente, fixação perfeita. Fiquei com cílios de boneca. E o melhor, por não ser a prova d'água, o produto sai com facilidade.",Product,,Good,,
Porque é de qualidade e veio com todas as instruções para instalação e está funcionando perfeitamente,Product,,Good,,
"Fragrância muito forte, não gostei do produto.",Product,,Bad,,
Os pratos têm um ótimo tamanho e os desenhos são lindos!,Product,,Good,,
recebi o produto e atendeu a minha necessidade. ,Product,,Good,,
"Excelente, inclusive o atendimento da equipe da empresa.
",Product,Store,Good,,
"Pensei que ficaria mais acinturado, o M me sobra na cintura",Product,,Neutral,,
"Minha filha de 6 anos ficou encantada, pra mim o produto mais do que valeu a pena ser comprado. Fácil de colocar, cola direitinho. Perfeito!!!!",Product,,Good,,
muito bom chegou certinho a nota e 10 e o capacete e muito bom qualidade melhor ainda estão de parabéns,Product,,Good,,
Muito charmosa. Perfeita para os dias mais amenos.,Product,,Good,,
boa qualidade e preço.,Product,,Good,,
Muito útil. Ela amou.,Product,,Good,,
Ótimo,Product,,Good,,
Perfeito!,Product,,Good,,
perfeita,Product,,Good,,
"Não posso opinar sobre a qualidade, pois foi comprado como presente.",Product,,Neutral,,
"Eu ja tinha esse, mas quando vi disponivel no site comprei outro pois adorei!!",Product,,Good,,
"Tecido de boa qualidade, confortável e muito bonita no corpo. Adorei a cor também!!!",Product,,Good,,
Bom,Product,,Good,,
muito boa super recomendo.....,Product,,Good,,
"gostei do produto
",Product,,Good,,
Já expliquei antes.,Product,,Neutral,,
"Estou acostumada a usar bege médio de outras marcas,assustei com a cor do Boticario ...ficou muito escura.Consigo trocar na loja fisica?",Product,Store,Neutral,,
Muito insatisfeita. Se não recebi meu primeiro produto que era o quadro branco magnético de vidro porque me cobraram 40 reais por esse kit caneta e apagador. Isso que eu pedi pra cancelarem o pedido todo. Fiquei muito insatisfeita com o desencontro de informações dos funcionários que nos enviam e-mails. Agora me descontar 40 reais por um apagador e duas canetas será a triste lembrança que terei dessa loja. Não recomendo a ninguém.,Product,Store,Bad,,
É ótimo para o cabelo.,Product,,Good,,
"Muito bom produto perfeito, tamanho g",Product,,Good,,
"Muito bom perfume e um ótimo custo-benefício, recomendo!",Product,,Good,,
"Excelente, ótima qualidade e muito bonita
",Product,,Good,,
sao da mesma qualidade dos originais.,Product,,Good,,
As lâmpadas vieram com defeito! Prazo de 3 duas queimou mesmo sendo instalada por um profissional!,Product,,Bad,,
Top ,Product,,Good,,
Bem confortável de ótima qualidade.,Product,,Good,,
chegou antes do prazo,,Store,Good,,
Muito bom produto.,Product,,Good,,
" Na minha opinião, os móveis da Henn pecam em alguns detalhes como, por exemplo, a cola das lâminas (ficam com resquícios) e alguns desalinhamentos nas mesmas. algumas parecem ser milímetros maiores ou menores. Mas os móveis são bons, pena é a exagerada demora na entrega da Lebes; comprei dia 13 e a entrega foi feita próximo ao dia 20 do outro mês. ",Product,Store,Bad,,Experience
Otima qualidade!! Eficiencia na entrega!! ,Product,Store,Good,,
Muito bom. Gostei da promocao. Façam mais vezes!,Product,,Good,,
Produto bom!!!,Product,,Good,,
amo video games,Product,,Neutral,,
"Muito bom, excelente encaixe e fácil instalação.",Product,,Good,,
Ja o conhecia! Muito bom.,Product,,Good,,
"Gostei bastante dessa base, bem levinha, mas a cor fica ótima e o mais importante, não pesa nas olheiras.",Product,,Good,,
experimentei e curti gostosamente o produto.,Product,,Good,,
"Produto de qualidade, embalagem adequada e prazo de entrega cumprido a risca. Pretendo fazer outras compras, sempre que necessitar",Product,Store,Good,,
"Ótimo material, tamanho perfeito.
Recomendo.",Product,,Good,,
"BOA TARDE NAO POSSO EMITIR OPINIAO, POSTO EFETUEI A COMPREI E DEPOIS DE CONFIRMADA A COMPRA VCS EXTORNARAM INFORMANDO NÃO TER MAIS OS PRODUTOS POR MIM SOLICITADOS.",,Store,Bad,,
"Atende perfeitamente ao que eu preciso, só é barulhento.",Product,,Good,,
"Jogo excelente, compra obrigatória pra que tem o console.",Product,,Good,,
eu achei muito bom. Indico a loja.,Product,Store,Good,,
"O tamanho é bom, só que é muito fina, mas pelo preço, tá ótimo.
",Product,,Good,,
Produto mto bom ,Product,,Good,,
Razoavel. Tecido fino demais,Product,,Neutral,,
Não gostei. Achei que deixaria meu cabelo mais macio e com um aspecto super hidratado como outros produtos de argan que usei.  Mas me enganei. Nem o condicionador amacia. Afff..,Product,,Dangerous,,
bom.,Product,,Good,,
"Gela muito e a ventilação é muito forte. O barulho é semelhante a outros modelos, normal de qualquer ar de janela. Dá 10x0 no modelo que tive da Spring.",Product,,Good,,
gostei muito malha muito boa parabens pela qualidade dos produtos,Product,,Good,,
"Excelente, entregou o que anunciou e com um prazo antecipado.",Product,Store,Good,,
Produto hipoalergênico e sustentável,Product,,Neutral,,
Mais ou menos,Product,,Neutral,,
"O produto, embora caro, parece bom. Atende ao esperado.",Product,,Good,,
"Gostei muito do produto, e parabéns pelo procedimento do e-commerce, fui muito bem informado em todos os passos. ",Product,Store,Good,,
"AMEI!!!! NUNCA ACHEI UM SUTIÃ DESSES!!! VOU COMPRAR VARIOS IGUAIS :)
PARABENS",Product,,Good,,
Uso este produto a alguns anos e adoro.,Product,,Good,,
"PRODUTO DE BOA QUALIDADE,ÓTIMA FUNCIONALIDADE, SIMPLES MAIS MUITO EFICIENTE.ENTREGA RÁPIDA.",Product,Store,Good,,
"O produto chegou dentro dos conformes, não sei se existia o de cor branco, mas se era meio com tonalidade verde, de qualquer forma se não existia ou não tinha valeu a pena. Otimo! ",Product,Store,Good,,
Muito bom.,Product,,Good,,
"Produto muito bom, barulho excelente, muito satisfeito com a compra.",Product,,Good,,
Exatamente como eu esperava! Linda,Product,,Good,,
muito bom,Product,,Good,,
Realmente faz muita diferença usar essa fronha e ela é de ótima qualidade!,Product,,Good,,
"Nem precisa dizer muito, não é? O produto é top. Comprei pela internet e quando fui à loja física comprei 2 potes de 450g para minha tia e minha prima. ",Product,,Good,,
muito bom os produtos altlantica. Eu recomendo.,Product,Store,Good,,
Adorei,Product,,Good,,
fedorento,Product,,Bad,,
"Muito bom, porém curto embaixo e às vezes pode acontecer de aparecer o peito.",Product,,Good,,
Amei,Product,,Good,,
produto de boa qualidade e chegou antes da data prevista da entrega muito bom,Product,Store,Good,,
Bom,Product,,Good,,
"confortável, linda e de ótima qualidade. ",Product,,Good,,
Forma da camisa mt pequena para ser xxl. ,Product,,Bad,,
"Gostei muito,realmente é anti aderente.",Product,,Good,,
ótimo produto e data exata de entrega ,Product,Store,Good,,
poderia ser pintada.,Product,,Neutral,,
"custo benefício, e cai bem!",Product,,Good,,
"Muito bonita a peça, o tecido poderia ser um pouquinho mais grosso...",Product,,Good,,
"Gostei muito do produto,só que menos de um mês o aparelho deu problema e eu levei a autorizada e  tive que escultar que provavelmente o defeito era mal uso e questionei a ele se o aparelho era descartável ele ficou quieto,eu só espero que eu não tenho problema com este aparelho?",Product,,Dangerous,,
"O pano deve ser ótimo para a Lavagem a seco, eu anotei que tem uma certa maciez faz com que Lava Bem e sai sujeira o mais rápido, talvez é um ´pano que pode dar um bom resultado.",Product,,Neutral,,
"APERTADO, TODO CALÇADO QUE COMPREI FOI 42 E DEU NORMAL , MAS O DE VOCES FICOU APERTADO, A TROCA PARA MIM FICOU INVIAVEL PORCAUSA DO FRETE.TERIA QUE COMPRAR UM NUMERO A MAIS.",Product,,Bad,,
"Gostei, pelo preço vale a pena.",Product,,Good,,
boa,Product,,Good,,
Sim. O produto é ótimo e lindo. Adorei. Entrega no prazo e facilidade.,Product,Store,Good,,
Gostei. Protege bem o iPhone.,Product,,Good,,
Cheiroso e deixa o cabelo da minha filha mais fácil de desembaraçar!,Product,,Good,,
"O produto é ótimo, porém veio com defeito. O procedimento de troca foi realizado na loja física do shopping Catuai Maringá, onde tive um péssimo atendimento. O processo até a ligação ao sac foi ótimo o que deixou a desejar foi o atendimento da Havan Maringa Catuai ",Product,Store,Dangerous,,
"Assim o produto vai ser sempre aperfeiçoado para atingir a nota máxima,",Product,,Neutral,,
Aparentemente parece ser bom.,Product,,Good,,
Produto de ótima qualidade,Product,,Good,,
"Excelente protetor, deixa a pele sequinha, não fica com aspecto oleoso!!!",Product,,Good,,
Mangueira veio furada!,Product,,Bad,,
Cumpre o que promete,Product,,Good,,
"A impressão é boa, o tecido também, porém o tamanho M é muito grande.",Product,,Bad,,
Rapidez no atendimento e no envio.,,Store,Good,,
produto chegou antes do agendado. Chegou embalado e com nota fiscal. Original.,,Store,Good,,
Sim. Ótimo!,Product,,Good,,
Pq o jogo é muito bom!!!,Product,,Good,,
"Perfume floral muito bom, todos meus colegas de trabalho amaram. Entrega super rápida.",Product,Store,Good,,
"Muito bom....meu esposo amou.
Espero que fique para comércio sem ser edição .",Product,,Good,,
Cremoso!!,Product,,Neutral,,
A embalagem é ótima para terem em sua mala tanto de viagem como do dia a dia.,Product,,Good,,
"Gostei, superou minhas expectativas, estou plenamente satisfeito, recomendo. ",Product,,Good,,
"Um pouco decepcionada, parecia um pouco mais estruturado nas fotos.",Product,,Bad,,
Esse fogao tem uma chama muito boa. O forno e muito bom. Amei esse fogao!,Product,,Good,,
"Ótimo produto, pra quem precisa de uma emenda, recomendo.",Product,,Good,,
"veio estragado, tive que jogar no lixo",Product,,Bad,,
eu achei otimo connectpart são de mais de bom no atendimento feliz 2016,Product,,Good,,
Produto original que funciona perfeitamente.,Product,,Good,,
"Recebi o biquini no prazo estipulado, o mesmo é maravilhoso e eu recomendo o site a todos. ",Product,Store,Good,,
"Ótimos produtos, acabamento 100%.
Obrigado Connect.",Product,,Good,,
"Já tinha comprado outro filtro e como só encontrei este modelo na Polipartes, agora comprei mais um, porque o depurador Brastemp que tenho é antigo. Desta vez o produto foi entregue dentro do prazo, o que não tinha acontecido na entrega do anterior.",Product,Store,Good,,
poderia ter disponibilidade para diminuir comprimento da corrente,Product,,Neutro,,
Qualidade e desempenho,Product,,Good,,
Macio e de longa duração,Product,,Good,,
"A calça Modeladora Lejeans não aperta na barriga por so ter 3 dedos de reforço encima.
Após ser lavada mesmo a mão ela encheu de bambulim.",Product,,Bad,,
"Muito bom, funciona conforme prometido!",Product,,Good,,
Produto lindo e super confortável. Recomendadíssimo!,Product,,Good,,
Maravilhoso! Amei,Product,,Good,,
"excelente camisa, recomendo a todos",Product,,Good,,
"Gostei da qualidade, design e acabamento. ",Product,,Good,,
excelente produto! atende prontamente!,Product,,Good,,
Perfeito! Muito lindo!,Product,,Good,,
Filtro solar não pode faltar nunca . Inverno e verão este é meu preferido. Vale a pena ter. Este vale pelo custo-benefício.,Product,,Good,,
Ótimo!,Product,,Good,,
"O cheiro é ok, mas a duração é muito pequena pra um edp.",Product,,Bad,,
"Adorei a bolsa! Maravilhosa! Produto de excelente qualidade, com uma entrega muito rápida e um atendimento surpreendente!",Product,Store,Good,,
"Não durou uma semana, já foi para a assistência! ",Product,,Bad,,
Produto chegou dentro do prazo! Porém ja deu defeito! O produto nao liga,Product,Store,Bad,,
Muito boa qualidade ficou perfeito,Product,,Good,,
Melhor jeito de armazenar alimentos,Product,,Good,,
ótimo!!!,Product,,Good,,
Maravilhoso! Simplesmente amei,Product,,Good,,
A peça é linda! Como eu esperava!,Product,,Good,,
"A Capa satisfaz as expectativas, mas eu esperava mais em relação a qualidade, mesmo que seja um produto spigen. Acredito que minha próxima aquisição será a Tough Armor, por ser mais barata e proteger mais.",Product,,Neutral,,
muito bom produto,Product,,Good,,
nao recebi o produto,,Store,Bad,,
excelente atendimento e entrega rapida,Product,Store,Good,,
"amei, lindo de boa qualidade!!",Product,,Good,,
o produto e bom e atendeu as minhas expectativas,Product,,Good,,
"eu gostei muito das panelas, são práticas, fáceis de lavar e boas para a saúde.",Product,,Good,,
Bom,Product,,Good,,
Não fui devidamente informado sobre a característica do salto e da sola deste sapato o que o torna barulhento ao pisar e desconfortável de usar. ,Product,Store,Bad,,
olha amei a sandalia só achei que demorou pra chegar ,Product,Store,Bad,,
Produto de Alta Qualidade ,Product,,Good,,
Material excelente e confortável e ainda por cima com um ótimo preço. Valeu a pena.,Product,,Good,,
"O papel vem embalado individualmente, mas tem sujeira dentro de algumas embalagens. Tive problemas com o empacotamento da empresa, que dobrou as folhas nas laterais... Ainda não sei se vou conseguir utilizar as folhas. No momento, não recomendo.",Product,,Good,,
"atua como ventilador
não refresca o ambiente
esperava outra finalidade do climatizador do",Product,,Bad,,
O botom é bonito e criativo.,Product,,Good,,
Perfeito ficou,Product,,Good,,
"Excelente, promete e cumpre.
A conexão é bem projetada e, até o momento, não apresentou falhas.
O equipamento é muito resistente e acabado, exceto a braçadeira do guidon que é dificil de instalar em qualquer lugar. Tive que rosquear o parafusou ao contrário o que fez com que o encaixe sextavado ficasse invertido e nao funcional.
De qualquer forma, está instalado e funcionando.",Product,,Good,,
Transparente na parte preta. O tecido Preto da loja é extremamente de má qualidade ,Product,,Bad,,
Tenho usado como base e deixa a unha uniforme para aplicação do esmalte. Tem contribuído para unhas mais resistentes.,Product,,Neutral,,
"Produto de bom acabamento, confortável, tudo de bom",Product,,Good,,
"Encaixe bom. Não é original, mas eu uso, guardo, é só. ",Product,,Good,,
Fragrância e fixação boas. Melhor que o Animale tradicional.,Product,,Good,,
"Muito pesada, o vapor fica pingando.",Product,,Bad,,
"Pequena 
fácil de manusear
de guardar
bom preço",Product,,Good,,
Já é o segundo conjunto que eu compro,Product,,Good,,
Gostei do produto.  Só n é melhor pq tem um cheiro muito forte.  Clientes reclamam muito disso. ,Product,,Bad,,
Gostei muito! Muito bom!,Product,,Good,,
"OS TAPETES SÃO DE EXCELENTE QUALIDADE E DA UMA APARÊNCIA BEM LEGAL NO CARRO, EU GOSTEI MUITO E RECOMENDO.",Product,,Good,,
Qualidade excelente.,Product,,Good,,
Otima Colônia para usar a noite e durante o dia. Bem suave. ,Product,,Good,,
"MUITO BOM
",Product,,Good,,
"Gostei do produto, atendeu as espectativas",Product,,Good,,
"O material, bem como, o conforto que ele confere aos pés são excelentes, no entanto, peca nas fotos. As cores do produto nas imagens, apresentadas no site, diferem do produto real.",Product,,Bad,,
"Sou super fazona dessas aguas de banho..
Essa é minha favorita..cheirinho maravilhoso!!",Product,,Good,,
Achei que o produto era maior,Product,,Neutral,,
Ótimo produto ,Product,,Good,,
boa a qualidade mais o acabamento das laterais deixa muito á desejar.,Product,,Neutral,,
ATINGIU MINHA EXPECTATIVA,Product,,Good,,
"Perfume maravilhoso! Não é tão forte, o cheiro é maravilhoso! Época Cosméticos entregou no prazo, tudo bem embalado e ainda ganhei amostrinhas. Parabéns!",Product,Store,Good,,
"Gostei, mas achava que as partículas para esfoliação seriam mais abrasivas.",Product,,Neutral,,
Comprei este pincel para utilizar no tecido e estou gostando bastante,Product,,Good,,
estou avaliando o site!!até hoje não recebi meu produto e ninguem fez nada para resolver!!,,Store,Dangerous,,
"Tradicional, muito bom, sempre que posso, compro esse produto. Valeu.",Product,,Good,,
Eu achei maravilhoso os livros que comprei,Product,,Good,,
"Muito bom... Porém, pouco rendimento",Product,,Bad,,
Ótimo muito vapor e bateria duradoura,Product,,Good,,
Muito lindo lindo lindo lindo,Product,,Good,,
Faz bastante barulho de vento a partir de 70km/h,Product,,Neutral,,
"O maiô já veio com um pedaço da parte da frente descosturado.  Quando coloquei ele abriu em mais 2 lugares. Achei que faltou mais elasticidade na lycra. Pensei até em troca-lo só que daria mais trabalho, então levei para uma costureira ...",Product,,Bad,,
os cães aqui de casa amam e é super saudável.,Product,,Good,,
"Gostei, mas o Tecido é meio transparente...",Product,,Neutral,,
"Bom acabamento,  entrega rápida e preço excelente. ",Product,Store,Good,,
muito importante no nosso momento em que as pessoas tem que ter uma educação mais clara da igreja aqui,Product,,Neutral,,
"Por que na descrição esta super branca, e na realidade fica azulada. ",Product,,Bad,,
"Eu achei o produto bom. Porém, o sistema de regulagem de altura não é muito interessante, pois, gera uma certa dificuldade para aparar.",Product,,Bad,,
muito bom,Product,,Good,,
"Eu achei a sapatilha moderna, bonita e confortável",Product,,Good,,
"Meu filho indicou a loja...fiquei apreensivo mas deu tudo certo.
Ótimo produto...",Product,,Good,,
"Muito bom, plástico de excelente qualidade, exatamente como o anúncio.",Product,,Good,,
"SIM,....ÓTIMO.",Product,,Good,,
"Atendimento excelente, entrega rápida, muito bem montada a coroa, apenas não recebi o boleto para pagametno",Product,Store,Good,,
Boa gualidade preço ótimo.,Product,,Good,,
"Por fora é bacana, mas internamente deixou a desejar. A palmilha é simploria, não deixando o calçado confortável...",Product,,Bad,,
"Faço uso dos produtos da La Prairie há mais de trinta anos e gosto muito,os da linha Caviar são excelentes.",Product,,Good,,
lindo e de extremo bom gosto,Product,,Good,,
TUDO DE BOM E VAI DURAR HORRORES,Product,,Good,,
"Dei de presente, adorou.",Product,,Good,,
Eu achei muito boa a experiência em comprar via internet. As informações no site foram suficientes e a entrega rápida.,Product,Store,Good,,
Ótimo kit completo só instalar e funcionou tudo de acordo.,Product,,Good,,
"Amo amostras!mas esse eu não usei ainda, quando eu experimentar melhor eu compartilho...",Product,,Good,,
ALgumas prateleiras se soltam facilmente,Product,,Good,,
"Me decepcionou bastante, esperava outra composição no colo. Ficou apertado no peito e super folgado nas mangas. Nao gostei :(((",Product,,Dangerous,,
Ótimo atendimento e um produto de boa qualidade,Product,,Good,,
Gostei do produto e é realmente o que eu esperava.,Product,,Good,,
Chegou no prazo e sem nenhum problema,Product,Store,Good,,
Recebi o produto em perfeitas condições e achei lindo... Já havia comprado um outro óculos antes e por isso comprei novamente... Simplesmente maravilhoso!!!,Product,,Good,,
Eu Achei a fragrância muito gostosa.,Product,,Good,,
Ótima qualidade do produto... Entrega rápida.,Product,Store,Good,,
"Perfeito, pele uniforme e sem aquela sensação de que seu rosto esta com muita maquiagem....#amei ",Product,,Good,,
"Gostei bastante. Custo beneficio otimo. Sem uso de gordura. Adorei.
",Product,,Good,,
"Muito bom,  sua fixação não é muito bom,  mas o cheiro é ótimo",Product,,Good,,
"Gostei muito do tecido e detalhes em couro, porém tive que ajustar um pouco pois a modelagem ficou  pouco grande.",Product,,Dangerous,,
Eu achei ótimo. Muito rapido a entrega tbem!,Product,Store,Good,,
Otimo produto,Product,,Good,,
É muito bom porém o preço é elevado,Product,,Good,,
"Não gostei do acabamento comparado ao amplificador que eu possuía anteriormente, mas em relação ao rendimento, é bem melhor. ",Product,,Dangerous,,
Ótimo.Produto com boa recepção.,Product,,Good,,
Apesar do baixo consumo apresenta um bom brilho. Mas infelizmente após alguns dias de uso já notei que alguns pingos de led haviam parado de funcionar.,Product,,Dangerous,,
"Boa a compra
",Product,,Good,,
uso outro shampoo do CKamura... e adoro... acredito que este tambpem seja bom,Product,,Good,,
"Perfeita, muito prática!",Product,,Good,,
"Produto excelente, qualidade acima de tudo.",Product,,Good,,
"OLÁ. TEM ALGO ERRADO. MEU PEDIDO É UMA JAQUETA JAKARTA MASCULINA PRETA GG - E NÃO A JAQUETA DETROIT. 
TEM ALGO ERRADO.
RECEBI A JAQUETA """"JAKARTA"""", E NÃO GOSTEI. 
PREFIRO A DETROIT -
PENA QUE NÃO ACERTEI O TAMANHO.",Product,,Dangerous,,
"Produtos de boa qualidade, e entrega super rápida.",Product,Store,Good,,
"maravilhoso ! tem me ajudado a ficar com a pele mais  clara , bonita e saudável !!",Product,,Good,,
Bom produto respondeu as expectativas !!,Product,,Good,,
"bom produto, resistente e bonito",Product,,Good,,
Quebrei o parafuso dentro do puxador. Tive que comprar outro puxador e comprei novos parafusos,Product,,Neutral,,
"Vestiu bem, modelagem correta.",Product,,Good,,
é um bom produto estou satisfeita,Product,,Good,,
"Almofada de pescoço normal. Inflavel, pratica de carregar na bolsa p viajar. Gostei.",Product,,Good,,
Ótima qualidade.,Product,,Good,,
BOA QUALIDADE BOM PRODUTO 000,Product,,Good,,
Perfeito!! Igual ao da imagem,Product,,Good,,
Tive dificuldade com o polimento,Product,,Dangerous,,
ótimo,Product,,Good,,
Muito bom. Bem embalado! Aprovado.,Product,,Good,,
produto muito bom. o cadeado podia ser melhor,Product,,Dangerous,,
"Otima central é top coloquei no meu Corolla show de bola , recomendo pra quem tiver querendo comprar . Não vai se arrepender ...",Product,,Good,,
Excelente !!!!,Product,,Good,,
"Gostei  ele é duradouro fico cheirosa o dia inteiro.
A entrega foi no prazo.Eu recomendo.",Product,Store,Good,,
pratico,Product,,Good,,
"Maravilhoso, assim como a loja!
Entrega no prazo",Product,Store,Good,,
"O produto veste bem, porém esperava um material melhor",Product,,Bad,,
Qualidade e conforto.,Product,,Good,,
"Produto simples, mas honesto. Boa qualidade. Coloquei freios de acionamento manual e ficou muito melhor do que o freio a pedal.",Product,,Good,,
"o produto é bom em relação custo beneficio,mais não tem muita durabilidade sai em poucas lavagens e o nível de matização e muito fraco se quiser matizar e utilizar o Botox tem que usar um matizador mais potente junto com o produto, a textura é muito liquida que torna o manuseio um pouco ruim derrama muito faz muita sujeira",Product,,Bad,,
"O produto veio do jeito que escolhi no site. O único ponto negativo foi a entrega que demorou demais e passou do prazo previsto. No mais, foi tudo bem.",Product,Store,Good,,
muito bom.,Product,,Good,,
Otimo produto. .aconselho a todos,Product,,Good,,
Excelente produto! Muito confortável!,Product,,Good,,
otimo,Product,,Good,,
"Não gostei, e inclusive recusei a entrega",Product,,Bad,,
porque estava procurando o produto.,Product,,Good,,
"Amei o produto, chegou em perfeitas condições, fora a atenção dos administradores do site, que ficam acompanhando e posicionando da entrega da encomenda até a chegada ao local. Com certeza voltarei a comprar novamente.",Product,Store,Good,,
"Calça veste super bem mas acho que deveria ser um tecido melhor, pois fica mt transparente",Product,,Bad,,
"Produto de baixa qualidade, pedi o tamanho P contudo veio muito grande.",Product,,Bad,,
"Amei o produto, além da postura que te obriga a manter.Me deu mais qualidade de vida. Uso todos os dias, tenho um problema de coluna e isso me deu mais segurança.",Product,,Good,,
A preta veio certa!!!mas a outra listada  veio enorme!!!!nao gostei do tecido da preta!!! Eu pedi as duas no mesmo tamanho!!!!entao não fiquei feliz!!!!,Product,,bad,,
"Dá uma boa revitalizada nos fios! O cheiro é um pouco marcante na hora da lavagem porém fresco, e não fica incomodando depois. Gostei.",Product,,Good,,
"Maravilhoso!!! Cheiro doce e marcante, extremamente feminino. Fixaçao excelente!!!",Product,,Good,,
Produto de excelente qualidade. Chegou perfeito e no prazo. ,Product,Store,Good,,
"   Eu já conhecia a Timex,tive vários outros produtos acho excelente a relação de custo e benefício bem como sua durabilidade ",Product,Store,Good,,
gostei do produto,Product,,Good,,
MUITO BOM,Product,,Good,,
Produto muito bom! Evita muitos problemas com ruídos.,Product,,Good,,
"perfeito, veio lacrado, e funcionou muito bem. Obrigado",Product,,Good,,
"Unico problema é q veio com um furinho bem pequeno perto da etiqueta. De resto, muito boa qualidade. ",Product,,Bad,,
fácil de aplicar e protege muito mesmo.,Product,,Good,,
são maiores do que pensei e tem linhas amei!,Product,,Good,,
produto bom otimo custo beneficio,Product,Store,Good,,
eu achei ótimo. muito atencosos,Product,Store,Good,,
"Bom,mas o tecido um pouco fino.",Product,,Good,,
A Mercadoria é Ótima!,Product,,Good,,
Muito bom !,Product,,Good,,
Comprei no escuro e me arrependi,Product,,Bad,,
"veste bem, preço muito especial, boas costuras era oque esperava.",Product,Store,Good,,
PRODUTO E EXCELENTE,Product,,Good,,
"não usarei não gostei do tecido não 
",Product,,Bad,,
Porque é um bom produto e atende as minhas necessidades,Product,,Good,,
Coleção muito bonita!,Product,,Good,,
"Gostei, comprei para presente espero que a pessoa goste",Product,,Good,,
"Cabelos mega hidratados na primeira lavagem, super recomendo.",Product,,Good,,
Lindo! Só q precisei fazer ajustes na cintura... muito largo,Product,,Good,,
Não recebemos o produto até agora!!!!!!!,Product,Store,Bad,,
"achei a calça perfeita tanto na modelagem quanto no tecido encorpado, veste muito bem !",Product,,Good,,
não é igual o da foto.,Product,,Bad,,
Produto de ótima qualidade ,Product,,Good,,
Lindo!!! Ótima cobertura!,Product,,Good,,
o produto foi instalado e funcionou perfeitamente,Product,,Good,,
ainda usando da energia.,Product,,Neutral,,
Adorei o brinde,Product,,Good,,
"Adorei muito lindo , a entrega foi rápida ",Product,Store,Good,,
"Fantastico, uso há algum tempo.",Product,,Good,,
Linda super top,Product,,Good,,
"Gostei,mercadoria de boa qualidade entrega no prazo combinado.Só preciso saber como fazer para troca de mercadoria?",Product,Store,Bad,,
O Spin doctor me superou compre esta oferta sem saber nado do produto e descobri que ele é muito forte e rápido.Muito bom mesmo.,Product,,Good,,
Perfume gostoso mas sem fixação.,Product,,Good,,
"A cama veio td riscada, um pedaco da cama quebrada e sem duas ripas. Nao gostei. Reclemei no site e nao tive retornou. nao compro mais no site, pois nao tem responsabilidade com seus produtos.  Pessimo servico.",Product,Store,Bad,,
   Muito bom indico para qualquer tipo de veículo.  Mais fica show npd vw,Product,,Good,,
no meu cabelo não se deu mas o produto e bom.,Product,,Good,,
Ótimo. Encaixe perfeito dos 2 lados.,Product,,Good,,
Realmente um bom produto...,Product,,Good,,
"Ótimo produto, entrega perfeita parabéns!",Product,Store,Good,,
o prazo de entrega e o produto atendeu minhas expectativas,Product,Store,Good,,
Hidrata muito bem o cabelo após o processo de alisamento.,Product,,Good,,
Muito bom acessório!,Product,,Good,,
Achei frágil a conexão da escova com o cabo.,Product,,Bad,,
Muito bom. Não tive problemas ,Product,,Good,,
"Atenciosamente,


Walter do Nascimento Filho

.
Enge-W Cálculos e Projetos Ltda
walter.nascimento@enge-w.com.br <mailto:walter.nascimento@enge-w.com.br>
com:(11) 3819-8342
cel:(11) 97204-7443",Product,,Neutral,,
bom,Product,,Good,,
muito bom o produto,Product,,Good,,
"Amei esse produto, simplesmente perfeito pra mim. ",Product,,Good,,
"Apesar de não ser da espessura que eu queria, o produto é bom e estava com um preço bem razoável.",Product,,Good,,
"Adorei produto
Nao derrapa e parece de boa qualidade",Product,,Good,,
"Bom, produto ótimo, entrega rápida",Product,Store,Good,,
"BOA QUALIDADE, DEVIA TB COBRAR E VENDER A BROCA CORRESPONDENTE A BUCHA DO PARAFUSO.
OK",Product,Store,Bad,,
Apesar de ser eau de toillete tem boa fixação ,Product,,Good,,
"Faz muito barulho, mesmo em velocidades mais baixas.",Product,,Bad,,
ok ,Product,,Good,,
Um bom produto,Product,,Good,,
"Tecido, corte sem costuras. Minha preferida!",Product,,Good,,
 boa qualidade,Product,,Good,,
Excelente,Product,,Good,,
"É A SEGUNDA VEZ QUE COMPRO O PRODUTO E ACHO MUITO BOM MESMO.  RECOMENDO, É UMA TV POR ASSINATURA SEM TAXA, COM A VANTAGEM DE VER O QUE QUER QUANDO QUER.",Product,,Good,,Experience
"Bom,  suave  gostei para o dia... seco excelente para o verão ",Product,,Good,,Experience
os esmaltes são lindos e a loja é ótima,Product,Store,Good,,
"Gostei muito da camisa, principalmente a malha e as cores",Product,,Good,,
"Além de lindo, confortável!!!",Product,,Good,,Experience
Achei que fosse um pouco maior visualizando via site.,Product,,Bad,,
Econheço o produto.,Product,,Neutral,,
Produto excelente e entrega muito rápida.,Product,Store,Good,,
"PRODUTO MUITO BOM, JÁ CONHECIA E EM QUANTIDADE MAIOR SAIU BEM EM CONTA.",Product,Store,Good,,
"Excelente recomendo a compra, produto original, a loja foi muito eficiente na entrega.",Product,Store,Good,,
"Produto de alta qualidade ,conforme o anunciado",Product,,Good,,
"Nota 5 - ótima compra, exatamente como combinado. ",Product,,Good,,
Ótimo! Chegou no tempo certinho! ,Product,Store,Good,,Experience
Produto igual ao anunciado. Chegou antes do prazo.,Product,Store,Good,,Experience
"os auto falantes são muito bons, mas na minha opinião faltou um pouco de força nos graves........",Product,,Bad,,Experience
"Produto ótimo, excelente qualidade, super confortável. Recomendo.",Product,,Good,,Experience
achei otimo o aroma do perfume,Product,,Good,,Experience
"Não instalei ainda, mas parece que esta tudo em ordem",Product,,Good,,
"Eu achei o produto muito bom, alias, meus filhos que gostaram, pois foi pra eles.",Product,,Good,,
"Parabéns pelo acondicionamento, a muda está perfeita como se tivesse sido colhida no momento que retirei da embalagem, parabéns pelo carinho com que tratam as mesmas.",Product,,Good,,Experience
Por que encaixou perfeitamente no espaco do fogao anterior e é mais fácil de acender as bocas e forno,Product,,Good,,Experience
"eu achei o produto muito bom, porém é grande tenho que realizar troca.",Product,,Good,,Experience
PERFEITA!!! Indiquei para todas minhas amigas!! Virei cliente fiel. 100% HoneyBe.,Product,,Good,,
"Muito bom...excelente resultado.cheirinho maravilhoso, qualidade nota 10!
",Product,,Good,,Experience
Produto Excelente !! Tinha o espaço que meu filho precisava e o material interno e externo é bem fácil de limpar. O fato da lancheira poder ser acoplada ao handle da mochila libera ainda mais espaço para guardar todas as coisas que meu filho precisa. Ótimo produto,Product,,Good,,Experience
Superou minhas espectativas pela rapidez e qualidade de impressão assim como a comodidade wifi !,Product,,Good,,Experience
"Pigmento muito fraco, não sai quase nada no pincel. ",Product,,Bad,,Experience
"Lindo papel, de excelente qualidade e gramatura.",Product,,Good,,
Produto de boa qualidade,Product,,Good,,
"Ainda não consegui usá-lo, pois o modelo que comprei ficou apertado no meu pé. Ainda estou aguardando a Savana concluir a troca.
O que pude perceber é que parece ser bastante robusto, mas peca um pouco no acabamento. Os rolamentos não são de primeira, vale a pena um upgrade.",Product,Store,Bad,,
"Excelente produto, embalagem completamente vedada e qualidade ótima!!!",Product,,Good,,
Adorei e estou gostando muito de comprar pelo site amei...,Product,,Good,,
eu achei otimo.,Product,,Good,,
"Esse produto eu comprei para minha mãe, ele foi indicado pela dermatologista dela. Minha mãe gosta muito, ela tem alergia a vários produtos, esse ela usa sem problemas.",Product,,Good,,Experience
Produto original.. muito bom.. chegou antes do prazo. .. muito boa o site!!,Product,Store,Good,,
Gostei mto realmente foi o ke eu esperava valeu por me fazer confiar nos seus produtos e com certeza irei endica-los ,Product,,Good,,Experience
"Adorei! Excelente cobertura e cor linda, dá um ar saudável ao rosto.",Product,,Good,,Experience
Muito bom e de otima ququalidade.recomendo,Product,,Good,,
"Roupeiro grande, robusto, bonito. Vale o preço pago.",Product,Store,Good,,
O perfume é sensacional! Um dos melhores que eu jamais usei.,Product,,Good,,
"Quando estiver na promoção de novo comprarei, com certeza, ótimo produto.",Product,,Good,,
"Produto bem acabado e prático. Não preciso mais de bolsa a tiracolo. Cabe minhas carteiras, cigarros celular, etc.",Product,,Good,,Experience
"Assim como aconteceu com o farol de milha, não consegui regular a altura do farol nos locais indicados. mas fiquei bem satisfeito.",Product,,Bad,,Experience
Escolhi esse perfume porque é excelente ,Product,,Good,,
muito bom ... chegou no prazo e sem problemas... só achei o valor do frete meio alto.,Product,Store,Good,,
"otimo produto, de facil manuseio",Product,,Good,,Experience
Gostei da novidade,Product,,Good,,
A calça e linda e veste bem. Mas eu havia comprado a calça que não era acetinada e a modelagem dela é melhor. A cintura e mais alta e mais firme. ,Product,Store,Bad,,
Eu achei a entrega rápida e o produto é muito bom.,Product,Store,Good,,
"Muito bom. Um perfume marcante, que vale à pena ter em mãos.",Product,,Good,,Experience
Lindo sapato simples mas com muito estilo e de boa qualidade. Adorei!,Product,,Good,,
"Muito bom!
Eu adoro",Product,,Good,,
"qualidade e preço bom.
",Product,Store,Good,,
Muito bom produto,Product,,Good,,
"Quero destacar a falta de comprometimento por parte da loja quanto ao prazo de entrega das mercadorias, pois os contatos não resolveram o problema quando se consegue comunicar-se.",Product,Store,Bad,,
Muitoa rápida a entrega.,,Store,Good,,
entrega rapida e eficiente,,Store,Good,,
Ótimo produto !,Product,,Good,,
Excelente produto e atendimento 10!!,Product,Store,Good,,
devido o visual dele e marca tb..e por ser do estilo da pessoa que ganhou esse presente,Product,,Neutral,,
"Bem funcional, fácil instalação, mas pra mim pelo menos achei um pouco limitado. Mas é uma solução simples, barata e eficiente.",Product,,Good,,
bom cabo... atende bem o usuário caseiro!,Product,,Good,,
òtimo!,Product,,Good,,
"Noa gostei , nao compraria de novo . nao gostei da gola , deveria ser sem o revestinmento .Os outros produtos gostei .Grato",Product,,Bad,,
"Gostei, surtiu o efeito desejado!",Product,,Good,,
Sim muito boa,Product,,Good,,
Ótimo produto. Já tinha a série 16 e este ficou melhor ainda.,Product,,Good,,
Imagem perfeita mesmo com 10m de extensão.,Product,,Good,,
Produto muito bom e de qualidade. ,Product,,Good,,
gostei da calça jeans veste bem.,Product,,Good,,
Linda e com caimento excelente,Product,,Good,,Experience
Acima das expectativas. Recomendo a compra.,Product,,Good,,
Qualidade boa e tamanho ideal pra minha moto. Reco,Product,,Good,,
Ótimo ótima ótimo ótimo otimo,Product,,Good,,
"PRODUTO ÓTIMO, RECOMENTO A TODOS, SÓ TIVE PROBLEMAS COM O CORREIO, QUE DISSERAM QUE ENTREGOU O PRODUTO, E TIVE QUE ABRIR UMA RECLAMAÇÃO E O CORREIO SÓ FOI ENTREGAR 10 DIAS DEPOIS. MAIS RECEBI EM PERFEITO ESTADO.
PROBLEMA RESOLVIDO.",Product,,Good,,
"Perfume forte, onde passa deixa rastro!!",Product,,Good,,Experience
Rápida na entrega!,,Store,Good,,
O prazo para entrega ficou muito alem do prometido,,Store,Bad,,
maravilha,Product,,Good,,
"muito bom, ótimo produto.",Product,,Good,,
Não vi resultado algum...,Product,,Bad,,
Meu casaco nao chegou. Foi cancelado devido a um problema. So comprei por que a vendedora confirmou que tinha.,,Store,Bad,,
Linda pulseira. Material excelente. Recomendo,Product,,Good,,
Aparelho muito bom! Só peca porque não têm display que marca o tempo transcorrido da mídia mas recomendo!,Product,,Good,,
"Excelente lavadora, pratica, silenciosa e muito funcional.",Product,,Good,,
Tb comprei pra minha mãe ela adorou,Product,,Good,,
Muito Bom Gostei bastante da textura.,Product,,Good,,
Muito bom.,Product,,Good,,
INSTALEI NO MESMO DIA.,Product,,Neutral,,
"a parte de tras do vestido fica parecendo que é um forro que nao deveria aparecer, e aparece. deveria ser mais delicado",Product,,Bad,,
"Ótimo produto, recomendo a todos e o prazo de entrega é excelente.",Product,Store,Good,,
"Otima qualidade do produto, muito satisfeito ",Product,,Good,,
"Ótimo produto, já o conhecia, bom tamanho para uma pessoa ou um casal. Recomendo.",Product,,Good,,
o produto chegou em perfeito estado to satisfeito não é atoa que ja é minha segunda compra porque confiei na empresa,,Store,Good,,
"O perfume é uma delicia, mas a fixação é péssima, não dura nem 3h.",Product,,Good,,
"Melhor do que parece no site. Acabamento bom, não balança e tem uma boa altura.
A cabaninha poderia melhorar mais.",Product,,Good,,
"Maravilhosa!! Essa máscara é PERFEITA!! No primeiro uso, ela já hidratou muito o meu cabelo, que está em péssimo estado precisando de muita restaução, cauterização e hidratação. Super indico!!",Product,,Good,,Experience
De acordo com as especificações e cores. Ainda veio brindes!,Product,,Good,,
Perfeito!,Product,,Good,,
"O produto é bom, mas gostaria de um acabamento mais matificado porque minha pele é oleosa. 
As informações na embalagem são um pouco confusas porque, apesar de ter FPS 44, no verso está escrito ""não é um protetor solar"". ",Product,,Bad,,
"Comprei faz apenas duas semanas, mas estou gostando muito, é muito superior ao original.
Em relação ao atendimento Roma achei excelente.",Product,Store,Good,,
Gostei!!,Product,,Good,,
Sim ótima compra!!,Product,,Good,,
"É bom, mas poderia ser mais silencioso e mais fácil de instalar",Product,,Good,,
Muito bom o produto.,Product,,Good,,
Ótimo produto e preço bom,Product,,Good,,
Linha já bem conceituada entre os profissionais da área.,Product,,Neutral,,
Porque gosto muito da fragrância que me lembra o Côco Chanel Mademoisele que amo!,Product,,Neutral,,
Ótimo,Product,,Good,,
O produto é de qualidade!,Product,,Good,,
Amei! A bolsa é linda! Produto realmente de qualidade. Chegou no prazo previsto e numa embalagem segura e caprichada. Super indico e continurei comprando! ,Product,Store,Good,,
"Excelente !!! Facil instalação,e a qualidade do produto é otima ...

",Product,,Good,,
Melhor no break que já tive.,Product,,Good,,
"Bom produto, precisa de uns ajustes, mas tudo bem",Product,,Good,,
otima loja e otimos produtos,Product,Store,Good,,
Muito bom o produto,Product,,Good,,
Preciso usar um tempo para avaliar,Product,,Neutral,,
"sandália maravilhosa, recomendo. veio bem embalado . adorei ter comprado nessa loja. ",Product,Store,Good,,
"NÃO SERVIU, NÃO CORRESPODIA A ECOSPORT 2004, QUE EU SOLICITEI.
O ATENDIMENTO FOI BOM MAS A PEÇA FOI INÚTIL",Product,Store,Dangerous,,
"Lindissima! A foto não mostra o que de fato ela é! 
Cai super bem no corpo, os detalhes são lindos!
Só não gostei do prazo, a empresa não entrega no prazo, ou seja, pagará por um frete que não será cumprido.",Product,Store,Good,,Bad
LINDO!!!<3 SUPER PRATICO E RESISTENTE,Product,,Good,,
Ótimo ,Product,,Good,,
"Maravilhoso!!!
",Product,,Good,,
FOI MUITO BOA A COMPRA.,Product,,Good,,
Super Amei !!!!!! Excelente Qualidade .... fique satisfeita,Product,,Good,,
"excelente produto, recomendo",Product,,Good,,
Gostei,Product,,Good,,
nota 10,Product,,Good,,
"Bonito e confortável.Valeu a compra.
",Product,,Good,,
qualidade do produto e para facilitar o dia a dia,Product,,Good,,
Uso sempre esse produto e adoro.,Product,,Good,,
Faltou o filtro....não existe em nenhuma revenda para ser comprado.,Product,,Bad,,
"COMPREI, PORQUE JÁ CONHECIA O PRODUTO!",Product,,Good,,
Muito linda e cinforta,Product,,Good,,
"De boa qualidade , acabamento perfeito.",Product,,Good,,
Produto muito bom. ,Product,,Good,,
"Um amor, vou enviar para meu pai, obrigada!",Product,,Good,,
Excelente e lindo,Product,,Good,,
Achei sem graça ,Product,,Bad,,
O condicionador nao e diferente do shampoo tambem e muito bom,Product,,Good,,
"Excelente acabamento, madeira e sonoridade, ótimo captador com saída XLR, além disso é de 5 cordas. Recomendo!",Product,,Good,,
Lindo! Delicadíssima e perfeita. Amei!,Product,,Good,,
Configuração otimizada e facil,Product,,Good,,
entrega exelente os produtos é 3m entao ja sabe é muito bom,Product,,Good,,
"Produto bom e de fácil instalação!
",Product,,Good,,
"Ótima qualidade, bom valor, fácil instalação.",Product,,Good,,
"Já conheccia, gosto muito dele, pois bordo nele.",Product,,Good,,
"Ótimo, superou as espectativas. Renda de qualidade e que não desfia. Modelo super confortável.",Product,,Good,,Experience
muito bom este módulo.,Product,,Good,,
a prancha é boa por ser bivolt mas é um pouco fragil.,Product,,Good,,
"Produto bom, mas veio com pequenos defeitos na borracha e a tapa da buzina não fecha ",Product,,Bad,,
"Muito bom aparelho, nao trava, facil de operar, bateria boa, eu nao uso muito, pra mim dura 2 dias. acho que deveria ter flash, nos mas,  tudo muito bom!",Product,,Good,,
peça linda estampa incrivel maravilhosa,Product,,Good,,
"Bom eu ainda estou começando a usar, mais a princípio estou gostando.  ",Product,,Good,,
"GOSTEI BASTANTE, CONTÉM ÓLEO DE ABACATE QUE É BOM PARA O CABELO. ",Product,,Good,,Experience
"O produto e bom
",Product,,Good,,
"Máscara super consistente e concentrada. Apesar de não espalhar muito bem, proporciona um resultado muito bom sem pesar nos fios. Ideal para cabelos do tipo 4b e 4c, como os meus! A embalagem também não é muito prática, sobretudo porque não fecha muito bem. Mas, no geral, o produto é bom :)",Product,,Good,,
Mto bom!!!,Product,,Good,,Experience
Não entregaram a que tinha escolhido mas fiquei satisfeita com a que entregaram.,Product,Store,Bad,,
Produto excelente entrega rapida,Product,Store,Good,,
Bem bomm,Product,,Good,,
Excelente qualidade o produto. Recomendo ,Product,,Good,,
"Excelente produto, realmente combate a oleosidade e previne acne, alem de ajudar a uniformizar a pele. Eh tao eficiente q uso noite sim e nao, para nao ressecar demais a pele. Uso faz pouco e por isso nao posso avaliar a eficacia qto ao combate aos sinais da idade. Nao pode ser usado na regiao dos olhos, eh necessario outro produto para isso. Super indico para quem tem pele oleosa e no verao.",Product,,Good,,Experience
O galileo (meu dog) gostou muito!,Product,,Good,,
"Otimo, excelente monitor p/ quem  quer jogar com qualidade",Product,,Good,,
"Achei o produto prático e eficiente, além de economizar espaço para guardar.",Product,,Good,,
AMOOO!,Product,,Good,,
Limpa muito bem sem deixar o cabelo ressecado.,Product,,Good,,Experience
"Bem pigmentado, corpo triangular bastante ergonômico e ponta bem resistente.",Product,,Good,,Experience
Qualidade compatível com a descrição.,Product,,Good,,
De ótima qualidade e indico para quem precisa comprar peças de qualidade e entrega rápida!,Product,Store,Good,,
"gostei muito,produto de otima qualidade,recomendo atodos que se enterecar",Product,,Good,,
"Gostei muito, atendeu bem a necessidade, é bonito, confortável e seguro. ",Product,,Good,,
Produto de exelente qualidade,Product,,Good,,
O produto é uma réplica !!!!,Product,,Neutral,,
Muito boa. Adorei,Product,,Good,,
Depois de usar este absorvente nunca mais consegui usar os absorventes comuns vendido em mercados/farmácias. É muito superior!,Product,,Good,,Experience
Bom,Product,,Good,,
"Muito bom! Recomendo esse game, e tambem a loja!",Product,Store,Good,,
"O produto continua excelente, o unico defeito é a posição e qualidade da etiqueta. Sempre tiro ela pois incomoda ao usar a camiseta.",Product,,Good,,
Eu adorei esse produto. Facilita muito na limpeza diária Recomendd,Product,,Good,,Experience
Chegou no tempo certo e o produto é de qualidade satisfatória. Espero em breve adquirir mais produtos com vocês . Obrigado!,Product,Store,Good,,
Adorei! Muito confortável...realmente atendeu minhas expectativas. Recomendo!,Product,,Good,,
"Ótima textura, ótima fixação. ",Product,,Good,,
Deu muito trabalho para por .Porq os encaixe ñ batião certo,Product,,Bad,,
Excelênte!!! Amo esse cheirinho !,Product,,Good,,
"A primeira vez o produto veio faltando itens e claramente falsificado. Demorou muito mais do que eu gostaria e ainda tive que gastar dinheiro enviando o produto que veio errado para a loja. No final das contas, saiu muito mais caro e demorou demais. O produto que me enviaram depois da devolução do primeiro era o mesmo. Desisti. O dono da loja diz que não considera as reclamações do site Reclame Aqui porque as pessoas reclamam demais. Porque será? Não comprem neste site.",Product,Store,Bad,,
bom a meia não fixa direto no pé.,Product,,Bad,,
"Guia excelente para treinos e passeios, recomendo.",Product,,Good,,
"Achei o produto muito bom, alta qualidade....",Product,,Good,,
"Adorei, deixa um cheirinho bem agradável, minhas amigas depois que sentiram a fragância também passaram a usar!",Product,,Good,,Experience
"O produto é excelente, atente todas as expecatativas.",Product,,Good,,
"Bom Produto. Preço competitivo.
Serviu ao propósito ! Recomendo",Product,,Good,,
Achei o produto bom e com qualidade.,Product,,Good,,
"É um produto resistente, fácil manuseio, potente e bonito! ",Product,,Good,,
lindo,Product,,Good,,
"Produto atendeu nossas expectativas. Ponto positivo para entrega, ocorreu dentro do prazo.",Product,,Good,,
"linda adorei, produto de qualidade ",Product,,Good,,
"O produto é ótimo,  surpreendeu até mesmo minhas expectativas. E apesar de cumprirem o prazo de entrega demoraram muito a postar... ",Product,Store,Good,,
DELÍCIA,Product,,Good,,
Muito bom o profuto e a rapidez da entrega,Product,Store,Good,,
Gostei,Product,,Good,,
Perfeita...Meu número...,Product,,Good,,
"Perfume muito bom, porém a fixação não foi tão boa quanto eu esperava.",Product,,Good,,
"Escolhe por ser um site seguro, com excelentes produtos e com um otimo preço.",Product,Store,Good,,
tenis otimo produto gostei muito,Product,,Good,,
Ja conhecia o produto e adoro!,Product,,Good,,
Adoro!!!,Product,,Good,,
"Ideal para a atividade que eu realizo em gravação de DVDs, e cujo preço é compatível com o mercado dos mesmos. Estou satisfeito com a compra feita.",Product,,Good,,Experience
Excelente produto e a entrega foi correta e no prazo.,Product,Store,Good,,
Poderia ser 2 dedos mais curta.,Product,,Bad,,
"Dá para sentir muito bem o sabor da uva, ótimo produto. ",Product,,Good,,Experience
"Ótimo
Qualidade
Entrega rapida
Preço baixo",Product,Store,Good,,
acho q baixa muito a temperatura so de abrir rapido para pegar algo dentro ,Product,,Neutral,,
Qualidade de Imagem e Sonora que sê obtêm deste cabo é bem superior que dos cabos comuns e a entrega foi super rapido! ,Product,Store,Good,,
Ótimo! Produto de acordo com o que esperava!,Product,,Good,,
"Glamour sempre perfeita, muito obrigado! Produtos de altíssima qualidade.",Product,,Good,,
muito bom..,Product,,Good,,
"A sapatilha é fantástica. O acabamento, a estrutura do calçado o conforto são nota 10. Recomendo.",Product,,Good,,
"Produto de boa qualidade, porém faço duas ressalvas, na camiseta que recebi não consta a estampa por dentro da gola com a marca da camiseta, acredito que é algo que faz diferença em um produto como este, tanto em acabamento, quanto na própria exposição da marca. Outro ponto é a figura que talvez pelo processo de impressão fica um pouco opaca, acredito que uma impressão com tons mais fortes e cores mais vivas ficaria perfeito. Mas ainda assim pela qualidade do tecido e das artes acredito que foi uma ótima compra.",Product,,Bad,,
"Marca com a qual tenho os resultados que almejo (usando corretamente e seguindo orientação nutricional, evidentemente).",Product,,Good,,
"Ótimo aparelho, recomendo!",Product,,Good,,
Ótimo,Product,,Good,,
Gostei da malha da camisa.. Bem aconchegante.,Product,,Good,,
"Bom mas demorou muito a entrega
",Product,Store,Good,Bad,
Camisa de excelente qualidade!! Recomendo.,Product,,Good,,
"Nunca tinha usado desodorante do Boticário, na verdade comprei para mim , mas acabei dando para minha filha. Ela gostou, por isso até já comprei mais. ",Product,,Good,,
muito bom,Product,,Good,,
ainda não usei.,Product,,Good,,
Muito bom!!! Com certeza comprarei mais...,Product,,Good,,
"As etiquetas são bonitas, vieram bem embaladas e organizadas, só não achei a aplicação das etiquetas de roupas tão fácil, mas ainda assim o resultado é muito bom",Product,,Good,,
Gostei da bota. É muito bonita e confortável. Tenho a panturrilha bem fina e ficou bem justinha. Talvez fique um pouco apertada para quem tem panturrilhas grossas.,Product,,Good,,
Adoro a Scala!!!,Product,,Good,,
E nosso vinho branco de casa.  ,Product,,Good,,
muito bom,Product,,Good,,
O MELHOR JOGO QUE JOGUEI. VICIANTE E TENSO. NA MEDIDA CERTA.,Product,,Good,,
"muito bom fiz o teste e apresenta ser puro.
",Product,,Good,,
O Kit é muito completo e variado. Muitas opções de cores. Adorei!,Product,,Good,,Experience
excelente moderno diferente compraria novamente.,Product,,Good,,
"Ótimo produto, conforme anunciado.",Product,,Good,,
a cintura é um pouco alta como eu queria e veste muito bem,Product,,Good,,Experience
Não gostei. É bastante ineficaz.,Product,,Bad,,
"Melhor protetor que ja usei, deixa a pele sequinha e segura bastante a oleosidade.",Product,,Good,,Experience
otimo,Product,,Good,,
"Uso há mais de um ano, simplesmente adoro!!! Esse eu comprei para presentear e minha irmã adorou!!",Product,,Good,,
"Gosto muito do perfume Kenzo e adorei ter comprado na época. 
Sem contar com os brindes que tiveram muito bom gosto e muito elegantes. 
 parabéns Época! !!!!!",Product,,Good,,
"Um perfume bem esportivo, comum demais para o meu gosto.",Product,,Bad,,
"primeiro demorou 20 dias para entregar
quando abrir a caixa para verificar o produto está quebrado em 3 lugares ainda estou esperando uma solução 
a parte plástica (parte preta é péssima qualidade ) os acabamentos pretos que prende na parte cromada é muito frágil",Product,,Bad,,Experience
maravilhoso. cumpre o que promete.,Product,,Good,,
Ainda não usei.,Product,,Good,,
Minha namorada adorou!,Product,,Good,,
"Gostei muito da lousa, era o que eu estava esperando e precisando. ",Product,,Good,,
"produto bom,  boa oferta mais cobra frete não é legal ",Product,,Good,,
o único que presta pra minha pele oleosa.,Product,,Good,,
"Sutia com pouca sustentacao. Fica mais natural. Cor verde,azul clara muito linda.",Product,,Good,,
"Produtos suaves meus cabelos ficaram leves e hidratados, uma delícia de olhar e de pegar rssrsrs",Product,,Good,,Experience
"Eu achei show!
Muito legal!",Product,,Good,,
parece legal,Product,,Good,,
"Base INCRÍVEL! Ganha de longe de muitas marcas caríssimas por ai. 
A loja também é ótima. Recebo e-mail atualizando status de entrega diariamente, e a entrega é muito rápida! Sempre dentro do prazo. 
Estão de parabéns!!! ",Product,Store,Good,,
"Muito bom, cor correspondente, obrigado.",Product,,Good,,
Maravilhoso...  deixa a pele super macia.  Amei ,Product,,Good,,Experience
Achei  ótimo... foi presente para meu namorado.,Product,,Good,,
"Se usado em conjunto com o spray da linha, os cachos ficam lindos! Tenho o cabelo com resquícios de progressiva, e o produto cumpre a promessa de definição dos cachos, sem deixar as pontas aparentes. Gostei muito! A única reclamação é o preço, que é um pouco salgado, como todos produtos da Keune!",Product,,Good,,
"muito pratico, facil de manusear",Product,,Good,,
Aroma muito bom. Porém a fixação do perfume deixa a desejar,Product,,Good,,
Porque já tive um produto,Product,,Neutral,,
"Chegou em otimo estado e perfeito!
Colagem simples e o quarto fica lindo!
Obrigada super indico",Product,,Good,,
"Péssimo!
O produto foi endereçado errado, fui informada do engano só apos o mesmo ser devolvido para as Lojas Pompeia e até agora os 9 dias já se tornaram muito mais, fora a chateação de não poder presentear meu marido no NATAL.",Product,,Bad,,
"Boa imagem, bom som, conecta bem com internete(wifi), acessa netflix e espelha o meu celular(Samsung) numa boa.
",Product,,Good,,
Touca linda e cheia de sucesso em casa!,Product,,Good,,
bom,Product,,Good,,
Adorei meu gorro. Satisfeita com a compra,Product,,Good,,
"Adorei, muito útil, fácil de aplicar",Product,,Good,,
Produto muito bom de alta qualidade e confiabilidade.,Product,,Good,,
Funciona direitinho no meu iPad 4a geração.,Product,,Good,,
"sim, mas não gostei do todo.",Product,,Good,,
Gostei.Porem faltou informações do produto no site,Product,,Good,,
"Produto bom, já conhecia.
Entrega rápida.
Recomendo.",Product,,Good,,
"Mto bom! Super útil , fácil !!!",Product,,Good,,
"O produto é muito bom.
Esta já é minha segunda compra do mesmo produto.
O problema foi a demora na entrega, 22 dias.",Product,Store,Good,Bad,
"produto conforme imaginava ótima qualidade, a entrega foi antes do prazo. ",Product,Store,Good,,
Adorei o produto!,Product,,Good,,
"eu chei otimo,muito gostoso,uma poromoçao exelente, todas as vezes que estiver na promoção vou comprar.",Product,,Good,,
Este é maravilhoso,Product,,Good,,
"Boa panela, bonita e cozinha rápido. Mais não substitui uma panela de pressão.",Product,,Good,,Experience
Fiquei muito satisfeita com o produto. Recomento e voltaria a comprar com certeza. ,Product,,Good,,
Muito bom,Product,,Good,,
TUDO CERTO . ,Product,,Good,,
Excelente custo benefício!,Product,Store,Good,,
"Boa tarde, gostei muito do atendimento em especial a Priscila que foi muito atenciosa comigo e pode me esclarecer as minhas dúvidas e ainda me ajudando com alguns esclarecimentos a respeito do seguro que pretendo fazer.",,Store,Good,,Experience
Eu achei ótimo e meus cachorros mais ainda. Recomendo....,Product,,Good,,
Eu realmente amo esse perfume...,Product,,Good,,
produto de boa qualidade e ótima cor.,Product,,Good,,
preco e entrega,Product,Store,Good,,
"Achei ótimo, ajusta muito bem ao corpo e o tecido é de ótima qualidade. Além do mais, quando transpira, não aparece.",Product,,Good,,
"O alicate é perfeito.Quanto a esses tons de esmalte , sou um pouco às avessas ,gosto mais dos tons  neutros .",Product,,Good,,
"Desculpe, so tinha alcool ,e sem fragancia, tive que trocar por outro.",Product,,Good,,
Amo este kit. Maravilhoso. Todos os produtos são ótimos ,Product,,Good,,
Eu achei ótimo. Recomendo a loja e o produto. Entrega rápida.,Product,Store,Good,,
"Produto de boa qualidade, encaixa bem no sissybar da moto, excelente.",Product,,Good,,Experience
Bom produto e vendedor correto e rápido,Product,Store,Good,,
sim gostei era que eu esperava,Product,,Good,,
Achei perfeito,Product,,Good,,
"Perfume muito bom já conhecido por mim. Entrega tranquila, dentro do prazo. Nota 1000! ",Product,Store,Good,,
"Gostei muito do farol de milha 
mais o kit xênon  que comprei para vir junto veio com reator queimado
e agora queimou outro 
e nada de entrar em contato comigo para troca ou solução
obrigado",Product,,Bad,,
"Adorei o produto! Perfume bem suave, com cheiro adocicado.",Product,,Good,,
"Funcionou muito bem com a tinta, a cor ficou bem forte a brilhante.",Product,,Good,,
"Peça linda, como está na foto, amei!!!",Product,,Good,,
"Porque eu pensei que era uma coisa é na verdade muito inferior me desculpe, mas não vale o valor. Se eu pudesse devolveria ou trocaria o produto por outro.Comprei porque sou cliente de vocês a tempo e achei que a qualidade do produto seria como os outros que adquiri, mas este por favor dinheiro jogado fora.",Product,,Bad,,Experience
"Gostei do produto, só não gostei da demora na entrega. ",Product,Store,Good,Bad,
"Excelente qualidade, cx montada corretamente, entrega super rapida para SP.",Product,Store,Good,Good,
"Escolinha essa nota devido a pontualidade da entrega.Muito obrigada. 



",,Store,Good,,
"adorei, fui indicada a comprar o produto e realmente é maravilhoso
",Product,,Good,,
"Gostei do produto, mas não é bem do jeito que eu imaginava. Só não me arrependi pq cabe bastante coisinha. ",Product,,Good,,
quase não sinto a fragancia deste perfume. ,Product,,Bad,,
"colorido alindo, além de super prático",Product,,Good,,
"Não é da melhor qualidade, mas compatível com o preço.",Product,,Good,,
Ótimo. Produto de qualidade e envio/entrega conforme previsto.,Product,Store,Good,,
Ainda não usei o produto.,Product,,Neutral,,
Produto atendeu as minhas espectativas. Facil a instalação. Ele não tem agua gelada. ,Product,,Good,,
Batedeira Top.,Product,,Good,,
"Muito bom. Mas pra quem pele oleosa ele precisa de retoques, o bege  é bem claro mesmo! ",Product,,Good,,
bom entregue no prazo tudo ok,Product,Store,Good,,
Bom mas muito caro pra o que oferece..,Product,,Good,,
"Estou gostando do produto, mas ainda é cedo para avaliar resultados, pois estou usando há menos de 2 semanas.",Product,,Good,,
Boa qualidade do cabo!,Product,,Good,,
"Muito bom este produto, os clientes estão satisfeitos.",Product,,Good,,
Muito top! Excelente qualidade! Revestimento aveludado para proteger o aparelho.,Product,,Good,,
Muito boa esta linha da Loreal. Deixa os cabelos bem hidratados e disciplinados.,Product,,Good,,
"Otíma qualidade, entrega super rápida. ",Product,Store,Good,,
otimo,Product,,Good,,
"porque o produto é excelente no sabor, na textura, na crocância.",Product,,Good,,
produto atendeu às expectativas,Product,,Good,,
Calça bem e confortável,Product,,Good,,
Ótimo,Product,,Good,,
Como acabei de falar todos os perfumes da marca o Boticario são deliciosos a vontade é de comprar um de cada um e assim poder usufruir de todos porque são muitos bons.,Product,,Good,,
Produto muito bom!,Product,,Good,,
ok,Product,,Good,,
"Bom mas,  não consegui deixar com 500m de distância funcionando uns 250 a 350 por causa da lata do carro mas é muito bom com fácil instalação cerca de 20 minutos ",Product,,Good,,
"SENSACIONAL!!! Depois de tentar vários dermatologistas e medicamentos específicos para fortalecimento sem nenhum sucesso, decidi apostar e experimentar e valeu muitooo a pena. São anos de unhas curtas e escamando, inúmeras tentativas... e hoje estou mto feliz com as minhas lindas unhas!   Esperei 2 meses para dar o feed-back para ter certeza sobre o resultado do produto! Aprovadísso, recomendo!! A única coisa é que é difícil não escorrer nas cutículas, mas como faço todas as semanas, não chega a ser um problema para mim.",Product,,Good,,
"Perfeito.
Superou as minhas expectativas.",Product,,Good,,
"muito bom, produto igual ao exposto no site.",Product,,Good,,
Eu achei o produto excelente,Product,,Good,,
"bom, eu não levo muito jeito, mas gostei da cor.",Product,,Good,,
"Produto adequado, procedimento sem problemas",Product,Store,Good,,
Otimo.  Encaixe e qualidade tudo ok.,Product,,Good,,
"Ótimo produto, fiel ao anúncio.",Product,,Good,,
"adquiri o produto e recebi danificado, já enviei fotos e vários email, mas não estão me dando nenhum retorno. Muito indignada e insatisfeita!!  ",Product,Store,Bad,,
Muito versátil,Product,,Good,,
TOP! Fantástico!!!,Product,,Good,,
"De boa qualidade, uma boa compra.",Product,,Good,,
otimo produto,Product,,Good,,
adorei,Product,,Good,,
"Porque ele veste muito bem,é fresquinho e a estampa é a cara do verão...",Product,,Good,,
"Bom muito bom 
Tudo certo e lindo ",Product,,Good,,
Produto de otima qualidade.,Product,,Good,,
Os potes sao otimo mais veio produto quebrado,Product,Store,Good,Bad,
"Perfeito,para mim,um dos melhores.",Product,,Good,,
"Muito bom, alumínio de espessura boa para o preparo do Rosh.",Product,,Good,,
"Textura sequinha, cobre muito bem as marquinhas.Perfeita.",Product,,Good,,
tudo maravilhoso recomendo a todos,Product,,Good,,
Péssimo. O cartucho começou a vazar pouco depois de instalado.,Product,,Bad,,
Ótima qualidade e acabamento. Som incomparável. ,Product,,Good,,
"Produto conforme o anuncio, chegou dentro do prazo. Recomendo ",Product,Store,Good,,
O produto é bom. Tudo funciona. Somente a qualidade do som não é extremamente apurada mas dá para escutar música e falar ao telefone perfeitamente.,Product,,Good,,
O produto é bom,Product,,Good,,
"Fico pequeno. Produto bom, mas muito apertado. Tem que pegar uma numeração maior. Para mim uso P, mas nesse caso deveria ser o M.",Product,,Good,,
Porque é muito bom!,Product,,Good,,
"A loja não  é confiável comprei os produtos no dia 11 de marco  paguei a vista no boleto e ate hoje,  04 de abril ainda não os recebi, e eram para presente o que me deu um baita prejuíízo,   tive de gastar novamente mais de quinhentos reais. 

Portanto muito cuidado com esta loja, pois gastei quase quinhentos reais la ate hoje não recebi nada!!!!!!!

Paulo.  ",,Store,Bad,,
"caimento ótimo, tecido fresco, perfeito pra o verão",Product,,Good,,
"Muito bom o produto, absorve perfeitamente na pele.",Product,,Good,,Experience
Otimo produto,Product,,Good,,
"Ótimo produto, gostei! Recomendo à todos!",Product,,Good,,
Ainda não verifiquei.,Product,,Neutral,,
Produto maravilhoso,Product,,Good,,
Muito bom... Na hora que passa no cabelo já dá pra sentir o cabelo hidratado.,Product,,Good,,
Hummmm cheiro de homem forte e atraente e embalagem pratica.,Product,,Excellent,,
ótimo produto recomendo a quem pesquisar,Product,,Good,,
"Muito bom. Entrega rápida, esse perfume menor é excelente! ",Product,Store,Good,,
Conteúdo excelente para fortalecer sua fé,Product,,Good,,
"Satisfeita com a mochila
",Product,,Good,,
"ótima qualidade, muito bom",Product,,Good,,
porque o produto chegou mas faltavam 2 pininhos brancos que tive que pegar do cartucho velho,,Store,Bad,,
"A parte branca é muito larga. 
Ele não é tão confortável. ",Product,,Bad,,
os cílios ficam incríveis e não ficam pesados. além do que sai muito fácil com água,Product,,Good,,
Adorei e minha bb também !!!,Product,,Good,,
"GOSTEI PENA QUE , ASSIM QUE COMECEI A USAR DESCOLOU UM CORDÃO .REF A ENTREGA MUITO BOM .",Product,Store,Good,,
"Muito caro a unidade, mau esclarecido. ",Product,Store,Bad,,
Muito bom! Só que ainda nao instalei!,Product,,Good,,
Muito bom ,Product,,Good,,
"Produto certo loja certa, o único problema e a entrega, não da loja,mas dos correios, a loja enviou rápido, mas os correios levaram 1 mês para entrega.
viva os correios
",Product,Store,Bad,,
"a camiseta é linda, veste bem e o tamanho é bem adequado ao número. Ótima qualidade",Product,,Good,,
Lindo só que com a cordinha das costas muito longa.,Product,,Good,,
Escolhi essa nota porque realmente o produto é ótimo.  Tudo que foi descrito sobre o produto é verdadeiro. ,Product,,Good,,
Exatamente como mostrava no catalogo.,Product,,Good,,
"Produto de ótima qualidade atende o objetivo, mas achei um pouco bruto, pois e um pouco maior do que o esperado",Product,,Good,,Experience
Gostei muito dessa calça-saia. Tecido bom e confortável. Também gostei do tamanho e estampada. Só não gostei da saia não ser presa a calça. Durante o exercício a saia acaba subindo.,Product,,Good,,Experience
Adorei essa máscara nao deixa o cilios grudados e seca rapidinho ,Product,,Good,,
"Produto tradicional, econômico, porque de tamanho maior economizando embalagem. Compro dele habitualmente e a qualidade é mantida.",Product,,Good,,Experience
Ja testei e funcionou muito bem.,Product,,Good,,
"nossa gostei muito do desodorante leite e mel me apaixonei pelo cheirinho indico.sem falar do valor vocês estão de parabéns,estou muito satisfeita.",Product,,Good,,Experience
Linda,Product,,Good,,
Gostei demais desta blusa! Não usei mais que dez palavras ainda?,Product,,Good,,
"O produto é bom, apesar de ter sido remetido com sujeira e com um arranhão.",Product,,Good,,
PRODUTO DE ÓTIMA FRAGRÂNCIA..,Product,,Good,,
Maravilhosa e confortável.,Product,,Good,,
Achei o produto muito bom. ,Product,,Good,,
"suave. achei que tinha cor, mas é bem fraquinha",Product,,Good,,
Adorei,Product,,Good,,
Muito bom. ,Product,,Good,,
facilita o trabalho ..,Product,,Good,,
"Excelente! Fácil de usar, basta molhar um pouco a ponta e passar nas axilas até secar.
Costumo suar bastante e tem segurado bem.

Além do mais, mesmo que não fosse tão efetivo quanto os outros desodorantes eu ainda usaria apenas por ser cruelty free, sem 1 milhão de produtos químicos pesados e que dura 2 anos(gerando menos lixo).",Product,,Excellent,,Experience
"Excelente produto, entregue no prazo! 
Reco",Product,Store,Good,,
"Lindo relógio, fácil de se configurar e muito preciso nos registros.",Product,,Good,,Experience
"Eu achei o produto bom, com exceção de algumas que vieram falhando",Product,,Good,,
muito boa linda otimo ok,Product,,Good,,
"Produto excelente, preço muito bom e entrega antes do prazo. ",Product,Store,Good,,
Super confortável e linda,Product,,Good,,Experience
Olha nem tem muito que falar para quem gosta de artesanato tudo e maravilhoso ,Product,,Good,,
excelente paleta muito boa a pigmentação.,Product,,Good,,Experience
"Fantástica  ,  linda e espaçosa.  Minha Hamster é  feliz e nao tem depressão nem obesidade.  
Pois tem muito espaço para se exercitar e brincar .
Super recomendo. ",Product,,Good,,Experience
"Por ser boticario achei que deveria ser mais gostoso o cheiro. Amo produtos boticario, mais essa colonia para bebê deixou a desejar",Product,,Bad,,
"Produto bom. Esperava mais, porém é bom porque a fórmula oil free não deixa a pele oleosa.",Product,,Good,,Experience
Superou minhas expectativas! RECOMENDO  a quem procura qualidade!,Product,,Good,,
"Muito bom esse protetor solar, já é a segunda vez que comprei no site da época, entrega rápida e preço bom.",Product,Store,Good,,
Excelente qualidade e estampa linda.,Product,,Good,,
ótimo produto,Product,,Good,,
Para quem utilizou achou muito bom,Product,,Neutral,,
Conjunto bonito. O meu a cor veio diferente da foto.,Product,Store,Good,Bad,
"Ótimo!! tem uma textura leve e mesmo minha pele sendo oleosa, ficou bem sequinho!! recomendo!! ",Product,,Good,,Experience
Blusa de tecido muito bom. Precisei comprar tamanho maior para que ficasse larguinha. ,Product,,Good,,
"Maravilhosa!! Já conhecia e fiquei muito feliz que ela tenha voltado, espero que continue disponível para compra! ",Product,,Good,,
Ótimo produto e jamais deveria ter saido de linha,Product,,Good,,
"Encaixe perfeito no dvd e no painel, otimo acabamento.",Product,,Good,,
"A melhor loja que já vi na vida, o preço maravilhoso, os produtos chegaram todos certinhos, no prazo, e de ótima qualidade! Amei, quero mais ",,Store,Good,,
"Super recomendo, produto de qualidade, estou adorando usá -lo no sérum para o rosto",Product,,Good,,Experience
gostei do produto porem nao consequimos de jeito nenhum instalar o controle de acesso gostaria que vcs mandassem um guia mais pratico pra ver se instalamos ,Product,,Good,,Eperience
Amei,Product,,Good,,
"Perfume bom , com  pouca fixação! ",Product,,Good,,
"comprei como forma de teste, adorei o perfume, muito fresco, nada enjoativo, original, a entrega veio perfeita.",Product,,Good,,Experience
"Otima qualidade, fixou perfeito com minha chave do carro",Product,,Good,,
por que era exatamente o q eu queria,Product,,Good,,
Atendeu as minhas necessidades ,Product,,Good,,
"Produto chegou no tempo combinado,em perfeito estado
",,Store,Good,,
produto de excelente qualidade,Product,,Good,,
Blusa linda e super delicada.,Product,,Good,,
"Só tenho a pontuar um problema a calça solta muita tinta e isso não é bom, pela segunda vez que faço essa compra e o defeito é o mesmo.",Product,,Bad,,Experience
"É muito bom!
Funciona mesmo",Product,,Good,,
Tecido mole sem sustentação,Product,,Good,,
Mais uma vez um pessimo atendimento ,,Store,Bad,,
5....Eu achei o produto ótimo.,Product,,Good,,
Produto nacional ou seja não presta tela com defeito e não existe mais nenhuma assistência técnica no Brasil. Um lixo.,Product,,Bad,,Experience
Não posso avaliar o produto pq ainda não testei.,Product,,Neutral,,
"Cabo top sem ruido nenhum construção excelente qualidade nem se fala tecnoise otimo produto para quem procura qualidade sonora recomendo, lembrando que precisa ser passado longe de cabos eletricos.",Product,,Good,,Experience
"O produto é muito bom e confere com a descrição, somente a loja que deixa a desejar no seu atendimento.",Product,Store,Good,Bad,
Essa já é a terceira q peço desse modelo. Adoro! Fresquinha e confortável. Super recomendo.,Product,,Good,,Experience
"Muito bom, produto de otima qualidade e muito bonito. Ficou show na sala.",Product,,Good,,
Otimo produto realmente como no anuncii,Product,,Good,,
eu achei muito pequeno mais bonito,Product,,Good,,
"Produto excelente, recomendo",Product,,Good,,
"Um aroma excepcional, ja havia usado antes, e comprei novamente. Mas, desta vez de 100ml.

Recomendo!",Product,,Good,,Experience
"Nao posso avaliar o produto,porque ate hj nao recebi o mesmo,e ja se passou dos prazos da entrega do mesmo,nao recomendo compra aqui...",,Store,Bad,,
"Adorei essa calça,tecido firme,ficou ótima no corpo,eu uso numero 40 de calça jeans,optei pelo tamanho M desta calça,mas o tamanho G ficaria melhor,pois a forma é pequena,mas mesmo assim ficou ótima.Produto nota 10.",Product,,Good,,
"Otimo,atende perfeitamente para o que foi comprado.",Product,,Good,,
"bom,corresponde com expectativa com preço agradavel.",Product,Store,Good,,
"Ele vibra muito.
Convém passar uma fita fixando-a na porta traseira, para evitar as oscilações.",Product,,Good,,Experience
Ainda não deu pra usar,Product,,Neutral,,
"too weak needs more vapor , but flavor is great",Product,,Neutral,,
"É realmente muito reforçada mesmo, material de primeira como especificado, parabéns",Product,,Good,,Experience
Confortavel. De acordo com o descrito.,Product,,Good,,
muito bom fiquei muito sadisfeito,Product,,Good,,
Produto de qualidade com conteúdo melhor ainda!,Product,,Good,,
- minha filha gostou,Product,,Good,,
"Calça igual na foto, bonita porém fica um pouco transparente",Product,,Good,,
"Produto muito bom, atendeu minhas expectativas. ",Product,,Good,,
"O produto é ótimo, assim como comprar com a world tennis, porém sugiro que quem compre selecione uma numeração menor. Ficou folgado e tive que procurar as lojas físicas para trocar (porém também fui bem atendida e saio satisfeita, sem nenhum problema).",Product,Store,Good,,
"Já usava, mas nunca tinha comprado virtualmente, chegou sem nenhum problema. Adorei.
Ótima fragância, adoro esta linha.",Product,,Good,,
"Ótimo produto, entrega super rápida. Gostei e recomendo a loja!",Product,Store,Good,,
"bonita, pratica, porem as gavetas poderiam ser mais fundas.",Product,,Good,,
"O shampoo não tem nada de especial, já o condicionador é ótimo. O gel deixa o cabelo áspero e grudento.",Product,,Good,,
Boa modelagem e produto de qualidade,Product,,Good,,
"NO SITE INFORMA SE NÃO HOUVER DISPONIBILIDADE DO BOTÃO ORIGINAL IRIA OUTRO MODELO. POIS BEM ,ONDE EU ENCAIXO ESTE BOTÃO NÃO HÁ LUGAR ALGUM NO PAINEL QUE SERVE ESTE  BOTÃO. VOU TER QUE COMPRAR UM.QUE FOSSE OUTRO BOTÃO MAIS QUE SERVICE EM ALGUM LUGAR DO PAINEL.ACHO QUE FOI PROPAGANDA ENGANOSA.  ",,Store,Bad,,
Aroma agradável e espuma consistente. Sensação de limpeza após o uso.,Product,,Good,,
"Boa bateria,ainda estou fazendo testando.
Até o momento ok.",Product,,Good,,
foi otimo e hidrata o cabelo,Product,,Good,,
"Qualidade, preço e tempo de espera para a entrega.",Product,Store,Good,,
"Ótimo. Para quem conhece as fragrâncias Ralph Lauren sabe que não dá para imitar.
Produto original e teve o melhor custo benefício, além da entrega super rápida.",Product,Store,Good,,
"Essa máscara de restauração é ótima, age de forma instantânea após seu uso. No momento da aplicação você já consegue perceber a diferença, mas o resultado final aparece no dia posterior ao uso. Seu cheiro é muito agradável dando assim aquele acabamento pós banho. Para cabelos com frizz e quebradiços, esta é uma boa opção! ",Product,,Good,,
CABELO LEVE E HIDRATADO... AMO!!!!!,Product,,Good,,Experience
"Que as cores dos rolos não são iguais, demonstrando que fiz uma emenda.",Product,,Bad,,
boa ,Product,,Good,,
"Ótimo produto, de acordo com as minhas expectativas, entrega certinha, tudo certo na compra. ",Product,Store,Good,,
Ao mesmo tempo que ficou apertada o detalhe das costas ficou folgado. Nao gostei da modelagem.,Product,,Bad,,
"Adorei produto maravilhoso , atendimento de primeira , entrega mega rápida obrigado ",Product,Store,Good,,
"O porta guardanapos é perfeito! Muito bonito e o acabamento é de primeira, muito satisfeita com a compra!!!",Product,,Good,,
Muito bom. Atendeu plenamente às minhas expectativas. ,Product,,Good,,
"O produto chegou tranquilamente.
O site nos informa sobre cada passo do produto ate chegar em nossa casa e isso nos ajuda muito, recomendo ",,Store,Good,,
"Produto maravilhoso, um presente de Deus para as nossas vidas.",Product,,Good,,
"Muito bom, cheirinho doce mas não enjoativo.",Product,,Good,,
"Linda saia!!! Caimento impecável! !!
Comprei p mim e p minhas 2 sobrinhas",Product,,Good,,
"Segunda compra que faço. Tudo ótimo!! Peça perfeita, bem embalada e no prazo certo. Super indico!!",Product,Store,Good,,
"Parabens, tudo certo, recomendo o produto aos amigos.",Product,,Good,,
"Adorei a praticidade, cores e acabamento, uso e recomendo",Product,,Good,,
"Eu gostei da compra e da eficiência da loja para entrega do produto,chegou para min antes do prazo,parabens.
Referente ao produto é uma pena que nao tem a proteção frontal sendo assim o aparelho continua desprotegido a parte frontal. ",Product,Store,Good,,
Quase perfeito! Seria ótimo se tivesse uma bordinha pra segurar durante a aplicação. ,Product,,Good,,
Eu adorei o prod,Product,,Good,,
boa qualidade e bom preço. Entrega nota 10.,Product,,Good,,
deixa as maos super macias,Product,,Good,,
"Produto de boa qualidade ,entregue no prazo ,muito bom
",Product,Store,Good,,
produto muito bom.,Product,,Good,,
ADOREI,Product,,Good,,
Muito bom adorei ,Product,,Good,,
"Talvez o melhor br, forte, marcante, otima fixação",Product,,Good,,
PRODUTO DE QUALIDADE E BEM ACABADO! RECOMENDO!,Product,,Good,,
Muito bom os faróis de milhas acabamento 100% muito bom msm recomendo ,Product,,Good,,
Eu achei o produto perfeito,Product,,Good,,
"Ótimo produto, não deixa o cabelo oleoso. Da um brilho incrível. ",Product,,Good,,
"por não ter aro, se torna mais confortável. porém, a Hope deveria ter as medidas especificas em relação  ao tamanho e a copa, pois, achei a copa boa, porém o contorno do torax folgado, mesmo usando no ultimo fecho.",Product,,Bad,,Experience
Muito bonito e preço agradavel,Product,Store,Good,,
Ameiiiiiii,Product,,Good,,
Muito Bom,Product,,Good,,
Rapido e pratico de comprar ,Product,,Good,,
muito lindo. e com a qualidade de sempre.,Product,,Good,,
"ok, estou avaliando os efeitos não são imediatos.",Product,,Neutral,,
Adorei!,Product,,Good,,
O produto esta correto conforme solicitado.,Product,,Good,,
A fantasia é linda mas veio com meia 3/4 de adulto e amarelada que foi na hora jogada no lixo!,Product,,Good,,
Gostei muito. O tecido e a renda da blusa corresponderam ao que queria.,Product,,Good,,
"Além de lindos e fáceis de aplicar, a qualidade do produto e o atendimento são excelentes. Recomendo. ",Product,Store,Good,,
O produto chegou certinho e muito rapido. Tudo como esperado. ,,Store,Good,,
"Maravilhoso, os pincéis são muito macios e bem cheinhos. Vale a pena o investimento. E é bom que eles são compactos.",Product,,Good,,Experience
Pela qualidade e confiabilidade.,Product,,Good,,
"achei que o produto deveria ser melhor, afinal veio cheio de arestas",Product,,Bad,,
"produto muito bom, bonito igual no site",Product,,Good,,
"Já conheço a marca. más me surpreendi com o conjunto apresentado pelo modelo.
Vale a pena!!!",Product,,Good,,
Produto fabuloso. Deixa o cabelo super macio e protegido. Na praia foi ele quem salvou o meu cabelo que eh descolorido. Ele nao resecou e ficou bem macio mesmo usando secador. Vou comprar sempre.,Product,,Good,,Experience
muito bom proteje contra riscos,Product,,Good,,
O rendimento do Prime é impressionante.,Product,,Good,,
"100 %, Achei a TechOne ótima ",Product,,Good,,
Linda...,Product,,Good,,
Alta qualidade.  Gostei muito ,Product,,Good,,
"Muito bom, deixa o cabelo super hidratado.",Product,,Good,,
"Produto de boa qualidade, leve e apresentavel.
",Product,,Good,,
"Teclado bom, acabamento reforçado, backlight um pouco fraco, mas nada que atrapalhe ao digitar no escuro, preço razoável, boas funções para gamer comum, poderia ter uma tecla Fn.",Product,,Good,,
"Eu uso já há algum tempo, e acho ótimo, deixa pele macia e muito iluminada!!, não fico sem!! e super recomendo!!!",Product,,Good,,
"Nossa fiquei muito feliz com o brinde,e um delicioso perfume amei,inclusive já passei no O Boticário e comprei outro . grata!",Product,,Good,,
amei a geladeira muito boa.....,Product,,Good,,
Ótimo produto.,Product,,Good,,
O maximo. Maravilha,Product,,Good,,
"Uma das melhores compras que já fiz!!!
Nunca mais queimo feijão, fica pronto na metade do tempo.
A carne de panela....que rápida e gostosa. 
Arroz em 3 minutos!!
Fiz até pudim em dez minutinhos, pão, bolo. Faz de tudo.
 E ainda lí numa revista que mesmo com a energia cara ainda sai muito mais em conta que a panela tradicional. :-) ",Product,,Excellent,,Experience
"AGUENTA URINAR BEM POUCO E NADA MAIS. É UMA CUECONA TIPO CINTA UM POUCO DIFICIL DE ABAIXAR, MAS O MATERIAL É BOM, SÓ NÃO ME AJUDOU NADA NO DESFRALDE.",Product,,Good,,
"porque é muito bom melhor do que eu previa,tecido bom e a estampa maravilhosa fiquei muito contente com a compra recomendo para outras pessoas",Product,,Good,,
"Adorei esse rimel, deixa um efeito bem natural. Alem, disso o produto foi entregue super rapido, Parabens a loja.",Product,Store,Good,,
Muita potencia a um otimo preço.... Modulo wireless top top....,Product,,Good,,
Não recebi o produto ainda.,,Store,Bad,,
"Primeira vez que comprei TUTTO e achei muito bom, ótimo acabamento, ótimo espaço interno...Um produto de primeira linha, recomendo 100%!",Product,,Good,,
Produto conforme solicitado. Entrega antes do prazo estipulado. Parabéns à Cirilo Cabos.,Product,Store,Good,,
"E bom, mas pra queijos duros nem pensar.",Product,,Good,,
bom cumpre o prometido . entrega bem rápida..,Product,,Good,,
"Ótimo preço,Qualidade e pronta entrega",Product,Store,Good,,
"Eu achei Ótimo
Fragrância excelente
Preço razoavel. amei de verdade.",Product,Store,Good,,
"Linda, superou minhas expectativas",Product,,Good,,
Preço competitivo considerando-se material importado e comparado com o preço do produto original.,,Store,Good,,
"Achei os bojos horríveis, não dão estrutura ao seio, e também vieram diferentes das fotos.",Product,,Bad,,Experience
fofo. Confortável. amei,Product,,Good,,
"Muito bom, adoreiii...",Product,,Good,,
"Voltimetro muito bom, gostando muito da performance",Product,,Good,,
Nada quanto ao produto e sim quanto ao atendimento ta deixando muito a desejar,,Store,Good,,
muito bom adorei quando chego otimo produto,Product,,Good,,
"O produto não está funcionando, tentei em varias maquinas e não deu resultado, informa que o usb não foi reconhecido, como devo proceder para trocar o produto???",Product,,Bad,,
